CREATE SEQUENCE seq_cont INCREMENT BY 1 START WITH 1 MAXVALUE 9999 NOCYCLE NOCACHE;
CREATE SEQUENCE seq_joc INCREMENT BY 1 START WITH 1 MAXVALUE 999 NOCYCLE NOCACHE;
CREATE SEQUENCE seq_joaca INCREMENT BY 1 START WITH 1 MAXVALUE 999 NOCYCLE NOCACHE;
CREATE SEQUENCE seq_tur INCREMENT BY 1 START WITH 1 MAXVALUE 99 NOCYCLE NOCACHE;
CREATE SEQUENCE seq_abilitate INCREMENT BY 1 START WITH 1 MAXVALUE 99 NOCYCLE NOCACHE;
CREATE SEQUENCE seq_selectie_caracter INCREMENT BY 1 START WITH 1 MAXVALUE 9999 NOCYCLE NOCACHE;
CREATE SEQUENCE seq_teanc INCREMENT BY 1 START WITH 1 MAXVALUE 99 NOCYCLE NOCACHE;
CREATE SEQUENCE seq_carte INCREMENT BY 1 START WITH 1 MAXVALUE 99 NOCYCLE NOCACHE;
CREATE SEQUENCE seq_contine INCREMENT BY 1 START WITH 1 MAXVALUE 9999 NOCYCLE NOCACHE;
CREATE SEQUENCE seq_oras INCREMENT BY 1 START WITH 1 MAXVALUE 9 NOCYCLE NOCACHE;
CREATE SEQUENCE seq_cladire INCREMENT BY 1 START WITH 1 MAXVALUE 99 NOCYCLE NOCACHE;
CREATE SEQUENCE seq_foloseste INCREMENT BY 1 START WITH 1 MAXVALUE 999 NOCYCLE NOCACHE;
CREATE SEQUENCE seq_resursa INCREMENT BY 1 START WITH 1 MAXVALUE 9999 NOCYCLE NOCACHE;

CREATE TABLE CONT (
    id_cont NUMBER(4) CONSTRAINT pk_cont PRIMARY KEY,
    email VARCHAR2(50) UNIQUE NOT NULL,
    parola VARCHAR2(30) NOT NULL,
    data_inregistrare DATE NOT NULL
);

CREATE TABLE JUCATOR (
    nume_utilizator VARCHAR2(20) CONSTRAINT pk_jucator PRIMARY KEY,
    id_cont NUMBER(4) CONSTRAINT fk_jucator REFERENCES CONT(id_cont)
);

CREATE TABLE JOC (
    id_joc NUMBER(4) CONSTRAINT pk_joc PRIMARY KEY,
    status VARCHAR2(15) NOT NULL CHECK (status IN ('IN DESFASURARE', 'FINALIZAT'))
);

CREATE TABLE JOACA (
    joc_juc NUMBER(4) CONSTRAINT pk_joaca PRIMARY KEY,
    nume_utilizator VARCHAR2(20) CONSTRAINT fk_joaca_jucator REFERENCES JUCATOR(nume_utilizator),
    id_joc NUMBER(4) CONSTRAINT fk_joaca_joc REFERENCES JOC(id_joc)
);

CREATE TABLE TURA (
    id_tura NUMBER(2) CONSTRAINT pk_tura PRIMARY KEY,
    carac_decart_inviz VARCHAR2(20) NOT NULL
);

CREATE TABLE ABILITATE (
    id_abilitate NUMBER(2) CONSTRAINT pk_abilitate PRIMARY KEY,
    nume_abilitate VARCHAR2(20) NOT NULL,
    descriere VARCHAR2(100) NOT NULL
);

CREATE TABLE CARACTER (
    nume_caracter VARCHAR2(20) CONSTRAINT pk_caracter PRIMARY KEY,
    id_abilitate NUMBER(2) CONSTRAINT fk_caracter_abilitate REFERENCES ABILITATE(id_abilitate),
    numar NUMBER(2) NOT NULL CHECK (numar BETWEEN 1 AND 8)
);

CREATE TABLE SELECTIE_CARACTER (
    sel_car NUMBER(4) CONSTRAINT pk_sel_car PRIMARY KEY,
    nume_utilizator VARCHAR2(20) CONSTRAINT fk_sel_car_jucator REFERENCES JUCATOR(nume_utilizator),
    nume_caracter VARCHAR2(20) CONSTRAINT fk_sel_car_caracter REFERENCES CARACTER(nume_caracter),
    id_tura NUMBER(2) CONSTRAINT fk_sel_car_tura REFERENCES TURA(id_tura),
    caract_decart_viz VARCHAR2(20)
);

CREATE TABLE TEANC (
    id_teanc NUMBER(2) CONSTRAINT pk_teanc PRIMARY KEY,
    id_joc NUMBER(4) CONSTRAINT fk_teanc_joc REFERENCES JOC(id_joc),
    carti NUMBER(2)
);

CREATE TABLE TIP_RESURSA (
    tip NUMBER(1) CONSTRAINT pk_tip_res PRIMARY KEY CHECK(tip in (1,2,3,4,5)),
    nume VARCHAR2(10) NOT NULL
);

CREATE TABLE RESURSA (
    id_resursa NUMBER(5) CONSTRAINT pk_resursa PRIMARY KEY,
    nume_utilizator VARCHAR2(20) CONSTRAINT fk_resursa_jucator REFERENCES JUCATOR(nume_utilizator),
    tip NUMBER(1) CONSTRAINT fk_resursa_tip REFERENCES TIP_RESURSA(tip),
    cantitate NUMBER(2) NOT NULL
);

CREATE TABLE CARTE (
    id_carte NUMBER(2) CONSTRAINT pk_carte PRIMARY KEY,
    tip NUMBER(1) CONSTRAINT fk_carte_tip REFERENCES TIP_RESURSA(tip),
    tip_carte VARCHAR2(15) CHECK (tip_carte IN ('Negustoreasca', 'Boiereasca', 'Religioasa', 'Militara', 'Unica')),
    cost NUMBER(1) NOT NULL CHECK (cost BETWEEN 1 AND 6),
    nume VARCHAR2(20)
);

CREATE TABLE CARTE_UNICA (
    id_carte_unica NUMBER(2) CONSTRAINT pk_carte_unica PRIMARY KEY,
    abilitate NUMBER(2) CONSTRAINT fk_carte_unica_abilitate REFERENCES ABILITATE(id_abilitate),
    CONSTRAINT fk_id_carte_unica FOREIGN KEY (id_carte_unica) REFERENCES CARTE(id_carte)
);

CREATE TABLE CONTINE (
    id_teanc NUMBER(2) CONSTRAINT fk_teanc REFERENCES TEANC(id_teanc),
    id_carte NUMBER(2) CONSTRAINT fk_contine_carte REFERENCES CARTE(id_carte),
    CONSTRAINT pk_contine PRIMARY KEY (id_teanc, id_carte)
);

CREATE TABLE ORAS (
    id_oras NUMBER(1) CONSTRAINT pk_oras PRIMARY KEY,
    nume_utilizator VARCHAR2(20) CONSTRAINT fk_oras_jucator REFERENCES JUCATOR(nume_utilizator)
);

CREATE TABLE CLADIRE (
    id_cladire NUMBER(2) CONSTRAINT pk_cladire PRIMARY KEY,
    id_carte NUMBER(2) CONSTRAINT fk_cladire_carte REFERENCES CARTE(id_carte),
    id_oras NUMBER(1) CONSTRAINT fk_cladire_oras REFERENCES ORAS(id_oras),
    poate_fi_afectata NUMBER(1) CHECK (poate_fi_afectata IN (0, 1))
);



CREATE TABLE FOLOSESTE (
    id_resursa NUMBER(5) CONSTRAINT fk_foloseste_resursa REFERENCES RESURSA(id_resursa),
    id_cladire NUMBER(2) CONSTRAINT fk_foloseste_cladire REFERENCES CLADIRE(id_cladire),
    cantitate_folosita NUMBER(1) NOT NULL CHECK (cantitate_folosita BETWEEN 1 AND 6),
    CONSTRAINT pk_foloseste PRIMARY KEY (id_resursa, id_cladire)
);

INSERT INTO CONT VALUES(seq_cont.NEXTVAL, 'andrei.popescu@email.ro', 'Munte2024!', TO_DATE('15-01-2023', 'DD-MM-YYYY'));
INSERT INTO CONT VALUES(seq_cont.NEXTVAL, 'elena_ionescu@email.ro', 'Parola@123', TO_DATE('20-02-2023', 'DD-MM-YYYY'));
INSERT INTO CONT VALUES(seq_cont.NEXTVAL, 'radu.vasilescu@gmail.com', 'Vali2025#', TO_DATE('10-03-2023', 'DD-MM-YYYY'));
INSERT INTO CONT VALUES(seq_cont.NEXTVAL, 'ioana.stefan@gmail.com', 'luna82024', TO_DATE('05-04-2023', 'DD-MM-YYYY'));
INSERT INTO CONT VALUES(seq_cont.NEXTVAL, 'florindumitru32@gmail.com', 'F18@r3verie', TO_DATE('12-05-2022', 'DD-MM-YYYY'));
INSERT INTO CONT VALUES(seq_cont.NEXTVAL, 'daniela_ilie@email.ro', 'Dani#Pass9', TO_DATE('18-06-2024', 'DD-MM-YYYY'));
INSERT INTO CONT VALUES(seq_cont.NEXTVAL, 'cristi.enache@gmail.com', 'Cristi!789', TO_DATE('22-07-2022', 'DD-MM-YYYY'));
COMMIT;
SELECT * FROM CONT;

INSERT INTO JUCATOR VALUES('lupul_alb', 1, 0);
INSERT INTO JUCATOR VALUES('pisica_verde', 2, 1);
INSERT INTO JUCATOR VALUES('corb_negru', 3, 0);
INSERT INTO JUCATOR VALUES('vulpe_isteata', 4, 0);
INSERT INTO JUCATOR VALUES('ursul_cenusiu', 5, 0);
INSERT INTO JUCATOR VALUES('cocosel_vesel', 6, 0);
INSERT INTO JUCATOR VALUES('ariciul_darnic', 7, 0);
COMMIT;
SELECT * FROM JUCATOR;

INSERT INTO JOC VALUES(seq_joc.NEXTVAL, 'IN DESFASURARE');
INSERT INTO JOC VALUES(seq_joc.NEXTVAL, 'FINALIZAT');
INSERT INTO JOC VALUES(seq_joc.NEXTVAL, 'IN DESFASURARE');
INSERT INTO JOC VALUES(seq_joc.NEXTVAL, 'FINALIZAT');
INSERT INTO JOC VALUES(seq_joc.NEXTVAL, 'IN DESFASURARE');
INSERT INTO JOC VALUES(seq_joc.NEXTVAL, 'FINALIZAT');
INSERT INTO JOC VALUES(seq_joc.NEXTVAL, 'IN DESFASURARE');
INSERT INTO JOC VALUES(seq_joc.NEXTVAL, 'FINALIZAT');
COMMIT;
SELECT * FROM JOC;

INSERT INTO JOACA VALUES(seq_joaca.NEXTVAL, 'lupul_alb', 1);
INSERT INTO JOACA VALUES(seq_joaca.NEXTVAL, 'pisica_verde', 1);
INSERT INTO JOACA VALUES(seq_joaca.NEXTVAL, 'corb_negru', 1);
INSERT INTO JOACA VALUES(seq_joaca.NEXTVAL, 'lupul_alb', 2);
INSERT INTO JOACA VALUES(seq_joaca.NEXTVAL, 'pisica_verde', 2);
INSERT INTO JOACA VALUES(seq_joaca.NEXTVAL, 'vulpe_isteata', 2);
INSERT INTO JOACA VALUES(seq_joaca.NEXTVAL, 'ursul_cenusiu', 3);
INSERT INTO JOACA VALUES(seq_joaca.NEXTVAL, 'cocosel_vesel', 3);
INSERT INTO JOACA VALUES(seq_joaca.NEXTVAL, 'ariciul_darnic', 3);
INSERT INTO JOACA VALUES(seq_joaca.NEXTVAL, 'lupul_alb', 4);
INSERT INTO JOACA VALUES(seq_joaca.NEXTVAL, 'ursul_cenusiu', 4);
INSERT INTO JOACA VALUES(seq_joaca.NEXTVAL, 'cocosel_vesel', 5);
INSERT INTO JOACA VALUES(seq_joaca.NEXTVAL, 'ariciul_darnic', 5);
INSERT INTO JOACA VALUES(seq_joaca.NEXTVAL, 'corb_negru', 5);
INSERT INTO JOACA VALUES(seq_joaca.NEXTVAL, 'vulpe_isteata', 6);
INSERT INTO JOACA VALUES(seq_joaca.NEXTVAL, 'ursul_cenusiu', 6);
INSERT INTO JOACA VALUES(seq_joaca.NEXTVAL, 'lupul_alb', 7);
INSERT INTO JOACA VALUES(seq_joaca.NEXTVAL, 'pisica_verde', 7);
INSERT INTO JOACA VALUES(seq_joaca.NEXTVAL, 'corb_negru', 8);
INSERT INTO JOACA VALUES(seq_joaca.NEXTVAL, 'vulpe_isteata', 8);
COMMIT;
SELECT * FROM JOACA;

INSERT INTO ABILITATE VALUES(seq_abilitate.NEXTVAL, 'Omoara', 'Ucide un alt caracter');
INSERT INTO ABILITATE VALUES(seq_abilitate.NEXTVAL, 'Fura', 'Ia un tip de resursa de la un alt jucator');
INSERT INTO ABILITATE VALUES(seq_abilitate.NEXTVAL, 'Schimba', 'Schimba cartile cu un alt jucator');
INSERT INTO ABILITATE VALUES(seq_abilitate.NEXTVAL, 'Coroana', 'Preia coroana');
INSERT INTO ABILITATE VALUES(seq_abilitate.NEXTVAL, 'Protejeaza', 'Imun la atacuri');
INSERT INTO ABILITATE VALUES(seq_abilitate.NEXTVAL, 'Taxa', 'Ia resurse de la anumte cladiri');
INSERT INTO ABILITATE VALUES(seq_abilitate.NEXTVAL, 'Copiere', 'Copiaza abilitatea unui alt caracter');
INSERT INTO ABILITATE VALUES(seq_abilitate.NEXTVAL, 'Distruge', 'Distruge o cladire');
COMMIT;
SELECT * FROM ABILITATE;


INSERT INTO CARACTER VALUES('Asasin', 1, 1);
INSERT INTO CARACTER VALUES('Pungas', 2, 2);
INSERT INTO CARACTER VALUES('Fermecatoare', 3, 3);
INSERT INTO CARACTER VALUES('Rege', 4, 4);
INSERT INTO CARACTER VALUES('Episcop', 5, 5);
INSERT INTO CARACTER VALUES('Negustor', 6, 6);
INSERT INTO CARACTER VALUES('Arhitect', 7, 7);
INSERT INTO CARACTER VALUES('General', 8, 8);
COMMIT;
SELECT * FROM CARACTER;

INSERT INTO TURA VALUES(seq_tur.NEXTVAL, 'Asasin');
INSERT INTO TURA VALUES(seq_tur.NEXTVAL, 'Pungas');
INSERT INTO TURA VALUES(seq_tur.NEXTVAL, 'Fermecatoare');
INSERT INTO TURA VALUES(seq_tur.NEXTVAL, 'Rege');
INSERT INTO TURA VALUES(seq_tur.NEXTVAL, 'Episcop');
INSERT INTO TURA VALUES(seq_tur.NEXTVAL, 'Negustor');
INSERT INTO TURA VALUES(seq_tur.NEXTVAL, 'Arhitect');
INSERT INTO TURA VALUES(seq_tur.NEXTVAL, 'General');
INSERT INTO TURA VALUES(seq_tur.NEXTVAL, 'Asasin');
INSERT INTO TURA VALUES(seq_tur.NEXTVAL, 'Pungas');
INSERT INTO TURA VALUES(seq_tur.NEXTVAL, 'Fermecatoare');
INSERT INTO TURA VALUES(seq_tur.NEXTVAL, 'Rege');
INSERT INTO TURA VALUES(seq_tur.NEXTVAL, 'Episcop');
INSERT INTO TURA VALUES(seq_tur.NEXTVAL, 'Negustor');
INSERT INTO TURA VALUES(seq_tur.NEXTVAL, 'Arhitect');
INSERT INTO TURA VALUES(seq_tur.NEXTVAL, 'General');
INSERT INTO TURA VALUES(seq_tur.NEXTVAL, 'Asasin');
INSERT INTO TURA VALUES(seq_tur.NEXTVAL, 'Pungas');
INSERT INTO TURA VALUES(seq_tur.NEXTVAL, 'Fermecatoare');
INSERT INTO TURA VALUES(seq_tur.NEXTVAL, 'Rege');
COMMIT;
SELECT * FROM TURA;

INSERT INTO SELECTIE_CARACTER VALUES(seq_selectie_caracter.NEXTVAL, 'lupul_alb', 'Negustor', 1, 'Pungas');
INSERT INTO SELECTIE_CARACTER VALUES(seq_selectie_caracter.NEXTVAL, 'pisica_verde', 'Rege', 1, 'Fermecatoare');
INSERT INTO SELECTIE_CARACTER VALUES(seq_selectie_caracter.NEXTVAL, 'corb_negru', 'Episcop', 1, 'Negustor');
INSERT INTO SELECTIE_CARACTER VALUES(seq_selectie_caracter.NEXTVAL, 'lupul_alb', 'Pungas', 2, 'Asasin');
INSERT INTO SELECTIE_CARACTER VALUES(seq_selectie_caracter.NEXTVAL, 'pisica_verde', 'Fermecatoare', 2, 'Rege');
INSERT INTO SELECTIE_CARACTER VALUES(seq_selectie_caracter.NEXTVAL, 'vulpe_isteata', 'Asasin', 2, 'Episcop');
INSERT INTO SELECTIE_CARACTER VALUES(seq_selectie_caracter.NEXTVAL, 'ursul_cenusiu', 'Asasin', 3, 'General');
INSERT INTO SELECTIE_CARACTER VALUES(seq_selectie_caracter.NEXTVAL, 'cocosel_vesel', 'Fermecatoare', 3, 'Arhitect');
INSERT INTO SELECTIE_CARACTER VALUES(seq_selectie_caracter.NEXTVAL, 'ariciul_darnic', 'Arhitect', 3, 'Pungas');
INSERT INTO SELECTIE_CARACTER VALUES(seq_selectie_caracter.NEXTVAL, 'lupul_alb', 'Rege', 4, 'Fermecatoare');
INSERT INTO SELECTIE_CARACTER VALUES(seq_selectie_caracter.NEXTVAL, 'ursul_cenusiu', 'Episcop', 4, 'Negustor');
INSERT INTO SELECTIE_CARACTER VALUES(seq_selectie_caracter.NEXTVAL, 'cocosel_vesel', 'Negustor', 5, 'Pungas');
INSERT INTO SELECTIE_CARACTER VALUES(seq_selectie_caracter.NEXTVAL, 'ariciul_darnic', 'Arhitect', 5, 'General');
INSERT INTO SELECTIE_CARACTER VALUES(seq_selectie_caracter.NEXTVAL, 'corb_negru', 'General', 5, 'Arhitect');
INSERT INTO SELECTIE_CARACTER VALUES(seq_selectie_caracter.NEXTVAL, 'vulpe_isteata', 'Asasin', 6, 'Pungas');
INSERT INTO SELECTIE_CARACTER VALUES(seq_selectie_caracter.NEXTVAL, 'ursul_cenusiu', 'Pungas', 6, 'Asasin');
INSERT INTO SELECTIE_CARACTER VALUES(seq_selectie_caracter.NEXTVAL, 'lupul_alb', 'Fermecatoare', 7, 'Rege');
INSERT INTO SELECTIE_CARACTER VALUES(seq_selectie_caracter.NEXTVAL, 'pisica_verde', 'Rege', 7, 'Fermecatoare');
INSERT INTO SELECTIE_CARACTER VALUES(seq_selectie_caracter.NEXTVAL, 'corb_negru', 'Episcop', 8, 'Negustor');
INSERT INTO SELECTIE_CARACTER VALUES(seq_selectie_caracter.NEXTVAL, 'vulpe_isteata', 'Negustor', 8, 'Episcop');
COMMIT;
SELECT * FROM SELECTIE_CARACTER;

INSERT INTO TIP_RESURSA VALUES(1, 'Aur');
INSERT INTO TIP_RESURSA VALUES(2, 'Lemn');
INSERT INTO TIP_RESURSA VALUES(3, 'Piatra');
INSERT INTO TIP_RESURSA VALUES(4, 'Fier');
INSERT INTO TIP_RESURSA VALUES(5, 'Tesatura');
COMMIT;
SELECT * FROM TIP_RESURSA;

INSERT INTO RESURSA VALUES(seq_resursa.NEXTVAL, 'lupul_alb', 1, 5);
INSERT INTO RESURSA VALUES(seq_resursa.NEXTVAL, 'lupul_alb', 2, 3);
INSERT INTO RESURSA VALUES(seq_resursa.NEXTVAL, 'pisica_verde', 1, 4);
INSERT INTO RESURSA VALUES(seq_resursa.NEXTVAL, 'pisica_verde', 3, 2);
INSERT INTO RESURSA VALUES(seq_resursa.NEXTVAL, 'corb_negru', 2, 6);
INSERT INTO RESURSA VALUES(seq_resursa.NEXTVAL, 'corb_negru', 4, 1);
INSERT INTO RESURSA VALUES(seq_resursa.NEXTVAL, 'vulpe_isteata', 1, 2);
INSERT INTO RESURSA VALUES(seq_resursa.NEXTVAL, 'vulpe_isteata', 5, 3);
INSERT INTO RESURSA VALUES(seq_resursa.NEXTVAL, 'ursul_cenusiu', 3, 4);
INSERT INTO RESURSA VALUES(seq_resursa.NEXTVAL, 'ursul_cenusiu', 4, 2);
INSERT INTO RESURSA VALUES(seq_resursa.NEXTVAL, 'cocosel_vesel', 2, 5);
INSERT INTO RESURSA VALUES(seq_resursa.NEXTVAL, 'cocosel_vesel', 5, 3);
INSERT INTO RESURSA VALUES(seq_resursa.NEXTVAL, 'ariciul_darnic', 1, 6);
INSERT INTO RESURSA VALUES(seq_resursa.NEXTVAL, 'ariciul_darnic', 3, 2);
INSERT INTO RESURSA VALUES(seq_resursa.NEXTVAL, 'lupul_alb', 3, 1);
INSERT INTO RESURSA VALUES(seq_resursa.NEXTVAL, 'pisica_verde', 2, 2);
INSERT INTO RESURSA VALUES(seq_resursa.NEXTVAL, 'corb_negru', 1, 3);
INSERT INTO RESURSA VALUES(seq_resursa.NEXTVAL, 'vulpe_isteata', 2, 1);
INSERT INTO RESURSA VALUES(seq_resursa.NEXTVAL, 'ursul_cenusiu', 5, 2);
INSERT INTO RESURSA VALUES(seq_resursa.NEXTVAL, 'cocosel_vesel', 1, 4);
COMMIT;
SELECT * FROM RESURSA;

INSERT INTO TEANC VALUES(seq_teanc.NEXTVAL, 1, 20);
INSERT INTO TEANC VALUES(seq_teanc.NEXTVAL, 2, 18);
INSERT INTO TEANC VALUES(seq_teanc.NEXTVAL, 3, 22);
INSERT INTO TEANC VALUES(seq_teanc.NEXTVAL, 4, 19);
INSERT INTO TEANC VALUES(seq_teanc.NEXTVAL, 5, 21);
INSERT INTO TEANC VALUES(seq_teanc.NEXTVAL, 6, 20);
INSERT INTO TEANC VALUES(seq_teanc.NEXTVAL, 7, 18);
INSERT INTO TEANC VALUES(seq_teanc.NEXTVAL, 8, 22);
COMMIT;
SELECT * FROM TEANC;

INSERT INTO CARTE VALUES(seq_carte.NEXTVAL, 1, 'Religioasa', 3, 'Biserica');
INSERT INTO CARTE VALUES(seq_carte.NEXTVAL, 2, 'Negustoreasca', 2, 'Piata');
INSERT INTO CARTE VALUES(seq_carte.NEXTVAL, 3, 'Militara', 4, 'Fortareata');
INSERT INTO CARTE VALUES(seq_carte.NEXTVAL, 4, 'Boiereasca', 5, 'Palat');
INSERT INTO CARTE VALUES(seq_carte.NEXTVAL, 5, 'Unica', 6, 'Biblioteca');
INSERT INTO CARTE VALUES(seq_carte.NEXTVAL, 1, 'Religioasa', 2, 'Manastire');
INSERT INTO CARTE VALUES(seq_carte.NEXTVAL, 2, 'Negustoreasca', 3, 'Magazin');
INSERT INTO CARTE VALUES(seq_carte.NEXTVAL, 3, 'Militara', 3, 'Turn');
INSERT INTO CARTE VALUES(seq_carte.NEXTVAL, 4, 'Boiereasca', 4, 'Vila');
INSERT INTO CARTE VALUES(seq_carte.NEXTVAL, 5, 'Unica', 5, 'Universitate');
INSERT INTO CARTE VALUES(seq_carte.NEXTVAL, 1, 'Religioasa', 4, 'Catedrala');
INSERT INTO CARTE VALUES(seq_carte.NEXTVAL, 2, 'Negustoreasca', 1, 'Taraba');
INSERT INTO CARTE VALUES(seq_carte.NEXTVAL, 3, 'Militara', 5, 'Castel');
INSERT INTO CARTE VALUES(seq_carte.NEXTVAL, 4, 'Boiereasca', 3, 'Conac');
INSERT INTO CARTE VALUES(seq_carte.NEXTVAL, 5, 'Unica', 4, 'Observator');
COMMIT;
SELECT * from CARTE;

INSERT INTO CARTE_UNICA VALUES(5, 7);
INSERT INTO CARTE_UNICA VALUES(10, 3);
INSERT INTO CARTE_UNICA VALUES(15, 5);
COMMIT;
SELECT * FROM CARTE_UNICA;

INSERT INTO CONTINE VALUES(1, 1);
INSERT INTO CONTINE VALUES(1, 2);
INSERT INTO CONTINE VALUES(1, 3);
INSERT INTO CONTINE VALUES(1, 4);
INSERT INTO CONTINE VALUES(1, 5);
INSERT INTO CONTINE VALUES(2, 6);
INSERT INTO CONTINE VALUES(2, 7);
INSERT INTO CONTINE VALUES(2, 8);
INSERT INTO CONTINE VALUES(2, 9);
INSERT INTO CONTINE VALUES(2, 10);
INSERT INTO CONTINE VALUES(3, 11);
INSERT INTO CONTINE VALUES(3, 12);
INSERT INTO CONTINE VALUES(3, 13);
INSERT INTO CONTINE VALUES(3, 14);
INSERT INTO CONTINE VALUES(3, 15);
INSERT INTO CONTINE VALUES(4, 1);
INSERT INTO CONTINE VALUES(4, 6);
INSERT INTO CONTINE VALUES(4, 11);
INSERT INTO CONTINE VALUES(4, 3);
INSERT INTO CONTINE VALUES(4, 8);
INSERT INTO CONTINE VALUES(5, 2);
INSERT INTO CONTINE VALUES(5, 7);
INSERT INTO CONTINE VALUES(5, 12);
INSERT INTO CONTINE VALUES(5, 4);
INSERT INTO CONTINE VALUES(5, 9);
INSERT INTO CONTINE VALUES(6, 3);
INSERT INTO CONTINE VALUES(6, 8);
INSERT INTO CONTINE VALUES(6, 13);
INSERT INTO CONTINE VALUES(6, 5);
INSERT INTO CONTINE VALUES(6, 10);
COMMIT;
SELECT * FROM CONTINE;

INSERT INTO ORAS VALUES(seq_oras.NEXTVAL, 'lupul_alb');
INSERT INTO ORAS VALUES(seq_oras.NEXTVAL, 'pisica_verde');
INSERT INTO ORAS VALUES(seq_oras.NEXTVAL, 'corb_negru');
INSERT INTO ORAS VALUES(seq_oras.NEXTVAL, 'vulpe_isteata');
INSERT INTO ORAS VALUES(seq_oras.NEXTVAL, 'ursul_cenusiu');
INSERT INTO ORAS VALUES(seq_oras.NEXTVAL, 'cocosel_vesel');
INSERT INTO ORAS VALUES(seq_oras.NEXTVAL, 'ariciul_darnic');
COMMIT;
SELECT * FROM ORAS;

INSERT INTO CLADIRE VALUES(seq_cladire.NEXTVAL, 1, 1, 1);
INSERT INTO CLADIRE VALUES(seq_cladire.NEXTVAL, 2, 1, 0);
INSERT INTO CLADIRE VALUES(seq_cladire.NEXTVAL, 3, 2, 1);
INSERT INTO CLADIRE VALUES(seq_cladire.NEXTVAL, 4, 2, 1);
INSERT INTO CLADIRE VALUES(seq_cladire.NEXTVAL, 5, 3, 0);
INSERT INTO CLADIRE VALUES(seq_cladire.NEXTVAL, 6, 3, 1);
INSERT INTO CLADIRE VALUES(seq_cladire.NEXTVAL, 7, 4, 0);
INSERT INTO CLADIRE VALUES(seq_cladire.NEXTVAL, 8, 4, 1);
INSERT INTO CLADIRE VALUES(seq_cladire.NEXTVAL, 9, 5, 1);
INSERT INTO CLADIRE VALUES(seq_cladire.NEXTVAL, 10, 5, 0);
INSERT INTO CLADIRE VALUES(seq_cladire.NEXTVAL, 11, 6, 1);
INSERT INTO CLADIRE VALUES(seq_cladire.NEXTVAL, 12, 6, 0);
INSERT INTO CLADIRE VALUES(seq_cladire.NEXTVAL, 13, 7, 1);
INSERT INTO CLADIRE VALUES(seq_cladire.NEXTVAL, 14, 7, 1);
INSERT INTO CLADIRE VALUES(seq_cladire.NEXTVAL, 15, 1, 0);
INSERT INTO CLADIRE VALUES(seq_cladire.NEXTVAL, 1, 2, 1);
INSERT INTO CLADIRE VALUES(seq_cladire.NEXTVAL, 2, 3, 0);
INSERT INTO CLADIRE VALUES(seq_cladire.NEXTVAL, 3, 4, 1);
INSERT INTO CLADIRE VALUES(seq_cladire.NEXTVAL, 4, 5, 1);
INSERT INTO CLADIRE VALUES(seq_cladire.NEXTVAL, 5, 6, 0);
COMMIT;
SELECT * FROM CLADIRE;

INSERT INTO FOLOSESTE VALUES(1, 1, 3);
INSERT INTO FOLOSESTE VALUES(2, 2, 2);
INSERT INTO FOLOSESTE VALUES(3, 3, 4);
INSERT INTO FOLOSESTE VALUES(4, 4, 5);
INSERT INTO FOLOSESTE VALUES(5, 5, 6);
INSERT INTO FOLOSESTE VALUES(6, 6, 2);
INSERT INTO FOLOSESTE VALUES(7, 7, 3);
INSERT INTO FOLOSESTE VALUES(8, 8, 3);
INSERT INTO FOLOSESTE VALUES(9, 9, 4);
INSERT INTO FOLOSESTE VALUES(10, 10, 5);
INSERT INTO FOLOSESTE VALUES(11, 11, 4);
INSERT INTO FOLOSESTE VALUES(12, 12, 1);
INSERT INTO FOLOSESTE VALUES(13, 13, 5);
INSERT INTO FOLOSESTE VALUES(14, 14, 3);
INSERT INTO FOLOSESTE VALUES(15, 15, 4);
INSERT INTO FOLOSESTE VALUES(16, 16, 3);
INSERT INTO FOLOSESTE VALUES(17, 17, 2);
INSERT INTO FOLOSESTE VALUES(18, 18, 3);
INSERT INTO FOLOSESTE VALUES(19, 19, 4);
INSERT INTO FOLOSESTE VALUES(20, 20, 6);
COMMIT;
SELECT * FROM FOLOSESTE;

--12

--1

SELECT 
    J.NUME_UTILIZATOR,
    DECODE(J.COROANA, 1, 'Premium', 'Standard') AS TIP_JUCATOR, 
    NVL(R.TOTAL_RESURSE, 0) AS RESURSE, 
    TO_CHAR(C.DATA_INREGISTRARE, 'DD-MM-YYYY') AS DATA_INREGISTRARE, 
    SUBSTR(J.NUME_UTILIZATOR, 1, 3) || '***' AS NUME_ASCUNS, 
    CASE 
        WHEN R.TOTAL_RESURSE > 8 THEN 'Bogat'
        ELSE 'Normal'
    END AS STARE_RESURSE
FROM JUCATOR J
LEFT JOIN (
    SELECT NUME_UTILIZATOR, SUM(CANTITATE) AS TOTAL_RESURSE
    FROM RESURSA
    GROUP BY NUME_UTILIZATOR
) R ON J.NUME_UTILIZATOR = R.NUME_UTILIZATOR
JOIN CONT C ON J.ID_CONT = C.ID_CONT
WHERE J.NUME_UTILIZATOR IN ( 
    SELECT O.NUME_UTILIZATOR
    FROM ORAS O
    JOIN CLADIRE CL ON O.ID_ORAS = CL.ID_ORAS
    WHERE CL.POATE_FI_AFECTATA = 0
)
ORDER BY R.TOTAL_RESURSE DESC;

--2

SELECT 
    C.NUME_CARACTER,
    A.NUME_ABILITATE,
    COUNT(SC.SEL_CAR) AS NR_UTILIZARI,
    SUBSTR(A.DESCRIERE, 1, 30) || '...' AS DESCRIERE_SCURTATA,
    TO_CHAR((
        SELECT MAX(DATA_INREGISTRARE) 
        FROM CONT 
        WHERE ID_CONT IN (
            SELECT ID_CONT 
            FROM JUCATOR 
            WHERE NUME_UTILIZATOR IN (
                SELECT NUME_UTILIZATOR 
                FROM SELECTIE_CARACTER
            )
        )
    ), 'MM-YYYY-DD') AS ULTIMA_UTILIZARE,
    RANK() OVER (ORDER BY COUNT(SC.SEL_CAR) DESC) AS CLASAMENT_POPULARITATE,
    CASE 
        WHEN COUNT(SC.SEL_CAR) > 5 THEN 'Popular'
        WHEN COUNT(SC.SEL_CAR) > 2 THEN 'Mediu'
        ELSE 'Puțin utilizat'
    END AS POPULARITATE
FROM CARACTER C
JOIN ABILITATE A ON C.ID_ABILITATE = A.ID_ABILITATE
LEFT JOIN SELECTIE_CARACTER SC ON C.NUME_CARACTER = SC.NUME_CARACTER
WHERE C.NUME_CARACTER IN (
    SELECT NUME_CARACTER 
    FROM (
        SELECT NUME_CARACTER, COUNT(*) AS CNT 
        FROM SELECTIE_CARACTER 
        GROUP BY NUME_CARACTER
        HAVING COUNT(*) > (
            SELECT AVG(COUNT(*)) 
            FROM SELECTIE_CARACTER 
            GROUP BY NUME_CARACTER
        )
    )
)
GROUP BY C.NUME_CARACTER, A.NUME_ABILITATE, A.DESCRIERE
HAVING COUNT(SC.SEL_CAR) > 0
ORDER BY NR_UTILIZARI DESC;

--3

SELECT 
    T.ID_TEANC,
    T.CARTI,
    DECODE(
        (SELECT COUNT(*) FROM CONTINE WHERE ID_TEANC = T.ID_TEANC),
        0, 'Gol',
        'Complet'
    ) AS STARE,
    NVL( 
        (
            SELECT LISTAGG(TR.NUME, ', ') 
            FROM TIP_RESURSA TR
            JOIN CARTE C ON TR.TIP = C.TIP
            JOIN CONTINE CO ON C.ID_CARTE = CO.ID_CARTE
            WHERE CO.ID_TEANC = T.ID_TEANC
        ),
        'Nicio resursă'
    ) AS RESURSE_ASOCIATE
FROM (
    SELECT ID_TEANC, CARTI 
    FROM TEANC
    WHERE ID_JOC IN (
        SELECT ID_JOC 
        FROM JOC 
        WHERE STATUS = 'IN DESFASURARE'
    )
) T
ORDER BY T.ID_TEANC;

--4

SELECT
    J.ID_JOC,
    COUNT(JO.NUME_UTILIZATOR) AS NR_JUCATORI
    FROM JOC J
    JOIN JOACA JO ON J.ID_JOC = JO.ID_JOC
    WHERE J.STATUS = 'IN DESFASURARE'
    GROUP BY J.ID_JOC, J.STATUS
    HAVING COUNT(JO.NUME_UTILIZATOR) > 2
    ORDER BY NR_JUCATORI DESC;

--5

WITH ORASEVALOROASE AS (
    SELECT O.NUME_UTILIZATOR, SUM(CT.COST) AS VALOARE_TOTALA
    FROM ORAS O
    JOIN CLADIRE C ON O.ID_ORAS = C.ID_ORAS
    JOIN CARTE CT ON C.ID_CARTE = CT.ID_CARTE
    GROUP BY O.NUME_UTILIZATOR
    HAVING SUM(CT.COST) > (
        SELECT AVG(COST) 
        FROM CARTE
    )
)
SELECT 
    J.NUME_UTILIZATOR,
    OV.VALOARE_TOTALA,
    CASE
        WHEN OV.VALOARE_TOTALA > 10 THEN 'Mare'
        ELSE 'Mic'
    END AS TIP_ORAS
FROM JUCATOR J
JOIN ORASEVALOROASE OV ON J.NUME_UTILIZATOR = OV.NUME_UTILIZATOR
ORDER BY OV.VALOARE_TOTALA DESC;

--13

--1 Actualizare

SELECT NUME_UTILIZATOR, COROANA
FROM JUCATOR;
UPDATE JUCATOR 
SET COROANA = 0
WHERE COROANA = 1;
SELECT NUME_UTILIZATOR, COROANA
FROM JUCATOR;
SELECT J.NUME_UTILIZATOR, C.NUME_CARACTER, C.NUMAR AS RANG_CARACTER
FROM JUCATOR J
JOIN SELECTIE_CARACTER SC ON J.NUME_UTILIZATOR = SC.NUME_UTILIZATOR
JOIN CARACTER C ON SC.NUME_CARACTER = C.NUME_CARACTER
WHERE C.NUMAR = 4;
UPDATE JUCATOR J
SET J.COROANA = 1
WHERE EXISTS (
    SELECT 1
    FROM SELECTIE_CARACTER SC
    JOIN CARACTER C ON SC.NUME_CARACTER = C.NUME_CARACTER
    WHERE SC.NUME_UTILIZATOR = J.NUME_UTILIZATOR
    AND C.NUMAR = 4
);
SELECT NUME_UTILIZATOR, COROANA 
FROM JUCATOR 
WHERE COROANA = 1
ORDER BY NUME_UTILIZATOR;

--2 Ștergere

SELECT * FROM TEANC;
DELETE FROM TEANC WHERE id_teanc = 8;
SELECT * FROM TEANC;

--14 

CREATE OR REPLACE VIEW VIZ_JUCATORI_ORASE_CLADIRI AS
SELECT 
    J.NUME_UTILIZATOR,
    J.COROANA,
    O.ID_ORAS,
    CT.NUME AS NUME_CARTE,
    CT.TIP_CARTE,
    CT.COST,
    (SELECT COUNT(*) FROM CLADIRE CL WHERE CL.ID_ORAS = O.ID_ORAS) AS NR_CLADIRI_ORAS
FROM JUCATOR J
JOIN ORAS O ON J.NUME_UTILIZATOR = O.NUME_UTILIZATOR
JOIN CLADIRE C ON O.ID_ORAS = C.ID_ORAS
JOIN CARTE CT ON C.ID_CARTE = CT.ID_CARTE
WHERE C.POATE_FI_AFECTATA = 1;

-- Operație LMD permisă 

SELECT * FROM VIZ_JUCATORI_ORASE_CLADIRI
WHERE NUME_UTILIZATOR = 'lupul_alb'
ORDER BY COST DESC;

-- Operație LMD nepermisă 

UPDATE VIZ_JUCATORI_ORASE_CLADIRI
SET C.POATE_FI_AFECTATA = 0 
WHERE ID_CLADIRE = 1;

--15

--outer Join

SELECT 
    J.NUME_UTILIZATOR,
    JC.ID_JOC,
    JC.STATUS,
    NVL(R.TIP, 0) AS TIP_RESURSA,
    NVL(R.CANTITATE, 0) AS CANTITATE_RESURSE,
    NVL(C.NUME, 'Nicio cladire') AS NUME_CLADIRE
FROM JUCATOR J
LEFT JOIN JOACA JO ON J.NUME_UTILIZATOR = JO.NUME_UTILIZATOR
LEFT JOIN JOC JC ON JO.ID_JOC = JC.ID_JOC
LEFT JOIN RESURSA R ON J.NUME_UTILIZATOR = R.NUME_UTILIZATOR
LEFT JOIN (
    SELECT CL.ID_ORAS, CA.NUME 
    FROM CLADIRE CL 
    JOIN CARTE CA ON CL.ID_CARTE = CA.ID_CARTE
) C ON J.NUME_UTILIZATOR = (
    SELECT NUME_UTILIZATOR 
    FROM ORAS 
    WHERE ID_ORAS = C.ID_ORAS
)
ORDER BY J.NUME_UTILIZATOR, JC.ID_JOC;

--Division

SELECT J.NUME_UTILIZATOR
FROM JUCATOR J
WHERE NOT EXISTS (
    SELECT JO1.ID_JOC
    FROM JOACA JO1
    WHERE JO1.NUME_UTILIZATOR = 'ariciul_darnic'
    AND NOT EXISTS (
        SELECT 1
        FROM JOACA JO2
        WHERE JO2.NUME_UTILIZATOR = J.NUME_UTILIZATOR
        AND JO2.ID_JOC = JO1.ID_JOC
    )
)
AND J.NUME_UTILIZATOR != 'ariciul_darnic';

-- Analiza top N

SELECT *
FROM (
    SELECT 
        J.NUME_UTILIZATOR,
        SUM(C.COST) AS VALOARE_TOTALA_CLADIRI,
        COUNT(CL.ID_CLADIRE) AS NR_CLADIRI,
        RANK() OVER (ORDER BY SUM(C.COST) DESC) AS CLASAMENT
    FROM JUCATOR J
    JOIN ORAS O ON J.NUME_UTILIZATOR = O.NUME_UTILIZATOR
    JOIN CLADIRE CL ON O.ID_ORAS = CL.ID_ORAS
    JOIN CARTE C ON CL.ID_CARTE = C.ID_CARTE
    GROUP BY J.NUME_UTILIZATOR
)
WHERE CLASAMENT <= 3;