--3.15

UNDEFINE p_clasificare 
  SELECT  
    CASE COUNT(*) 
         WHEN 0  
              THEN  'Nu exista clienti de tipul ' ||  
                     UPPER('&&p_clasificare')  
         WHEN 1  
              THEN  'Exista 1 client de tipul ' ||  
                     UPPER('&&p_clasificare') 
         ELSE 'Exista '|| COUNT(*) || 
              ' clienti de tipul ' ||  
               UPPER('&&p_clasificare') 
         END "INFO CLIENTI" 
  FROM   clasific_clienti 
  WHERE  clasificare = UPPER('&p_clasificare') 
  AND    id_categorie = 1; 

--3.16

UNDEFINE p_clasificare
DECLARE
    v_nr NATURAL;
    v_clasificare CHAR(1) := UPPER('&p_clasificare');
    mesaj VARCHAR2(100);
BEGIN
    SELECT COUNT(*) INTO v_nr
    FROM CLASIFIC_CLIENTI
    WHERE clasificare = v_clasificare
    AND id_categorie = 1;
    mesaj := CASE
        when v_nr = 0 THEN
            'Nu exista clienti de tipul' || v_clasificare
        when v_nr = 1 THEN
            'Exista 1 client de tipul' || v_clasificare
        ELSE
            'Exista' || v_nr || 'clienti de tipul' || v_clasificare
        END;
    DBMS.DBMS_OUTPUT.PUT_LINE(mesaj);
END;



select * from emp_sro;

-- exceptie pt cand nu avem date


DECLARE
    v_salary emp_sro.salary%TYPE;
    v_employee_name emp_sro.first_name%TYPE;
BEGIN
    SELECT salary, first_name INTO v_salary, v_employee_name
    FROM emp_sro 
    WHERE employee_id = 999;  
    
    DBMS_OUTPUT.PUT_LINE('Salariu: ' || v_salary);
    
EXCEPTION
    WHEN NO_DATA_FOUND THEN
        DBMS_OUTPUT.PUT_LINE('Nu exista angajatul ');
    WHEN OTHERS THEN
        DBMS_OUTPUT.PUT_LINE('Alta eroare ' || SQLERRM);
END;
/

--too many rows

DECLARE
    nr_angajati NUMBER;
BEGIN
    SELECT COUNT(*) INTO nr_angajati
    FROM emp.sro
    WHERE first_name = 'Peter'; 
    
    DBMS_OUTPUT.PUT_LINE('Oameni cu numele Peter ' || v_first_name);
    
EXCEPTION
    WHEN TOO_MANY_ROWS THEN
        DBMS_OUTPUT.PUT_LINE('Mai multi cu numele Peter ');
    WHEN NO_DATA_FOUND THEN
        DBMS_OUTPUT.PUT_LINE('Nu are nimeni numele Peter ');
    WHEN OTHERS THEN
        DBMS_OUTPUT.PUT_LINE('Alta eroare ' || SQLERRM);
END;
/

DECLARE
    v_first_name employees.first_name%TYPE;
BEGIN
    SELECT first_name into v_first_name
    FROM employees 
    WHERE first_name = 'Peter'; 
    
    DBMS_OUTPUT.PUT_LINE('Gasit un ' || v_first_name);
    
EXCEPTION
    WHEN TOO_MANY_ROWS THEN
        DBMS_OUTPUT.PUT_LINE('Mai multi cu numele Peter ');
    WHEN NO_DATA_FOUND THEN
        DBMS_OUTPUT.PUT_LINE('Nu are nimeni numele Peter ');
    WHEN OTHERS THEN
        DBMS_OUTPUT.PUT_LINE('Alta eroare ' || SQLERRM);
END;
/

--

set SERVEROUTPUT ON

DECLARE 
  v_categ categorii%ROWTYPE; 
  v_categ2 categorii%ROWTYPE; 
  v_categ_modific v_categ%ROWTYPE; 
  v_categ_null categorii%ROWTYPE; 
BEGIN 
  v_categ.denumire := 'Categorie noua'; 
  v_categ.nivel :=1; 
  SELECT MAX(id_categorie)+1 INTO v_categ.id_categorie  
  FROM   categorii; 
   
  INSERT INTO categorii VALUES v_categ; 
   
  SELECT * INTO v_categ2 
  FROM   categorii 
  WHERE  id_categorie= v_categ.id_categorie; 
   
  DBMS_OUTPUT.PUT_LINE ('Ati inserat: '||  
    v_categ2.id_categorie || ' ' || v_categ2.denumire ||  
    '  '|| v_categ2.nivel || ' ' ||  
    NVL(v_categ2.id_parinte,0)); 
        
 v_categ_modific := v_categ; 
 v_categ_modific.id_categorie := v_categ.id_categorie + 1; 
  
 UPDATE categorii 
 SET ROW = v_categ_modific 
 WHERE id_categorie= v_categ.id_categorie; 
  
 SELECT * INTO v_categ2 
 FROM   categorii 
 WHERE  id_categorie= v_categ_modific.id_categorie; 
  
 DBMS_OUTPUT.PUT_LINE ('Ati modificat in: '||  
   v_categ_modific.id_categorie || ' ' ||  
   v_categ_modific.denumire || '  '||  
   v_categ_modific.nivel || ' ' ||  
   NVL(v_categ_modific.id_parinte,0)); 
  
 v_categ2 := v_categ_null; 
  
 DELETE FROM categorii  
 WHERE  id_categorie= v_categ_modific.id_categorie 
 RETURNING id_categorie, denumire, nivel, id_parinte 
 INTO v_categ2; 
  
 DBMS_OUTPUT.PUT_LINE ('Ati sters linia: '||  
   v_categ2.id_categorie || ' ' || v_categ2.denumire ||  
   '  '|| v_categ2.nivel || ' ' ||  
   NVL(v_categ2.id_parinte,0)); 
 
   END;

--Tema: NO_DATA_FOUND - select into, tablouri indexate, care comanda a generat eroarea?

DECLARE 
   v_categorie  NUMBER; 
   v_produse    NUMBER; 
   v_clasificare CHAR(1); 
BEGIN 
   DELETE FROM clasific_clienti WHERE id_client=209 
   RETURNING id_categorie, nr_produse, clasificare  
   INTO      v_categorie, v_produse, v_clasificare; 
   INSERT INTO clasific_clienti  
   VALUES (209,v_categorie,v_produse,null); 
   UPDATE clasific_clienti  
   SET    clasificare = v_clasificare 
   WHERE  id_client = 209; 
   COMMIT; 
END; 



-- record vs object (4.09 si 4.10)

--intuitiv, eu zic ca record este mai rapid pentru ca este mai simplu

CREATE TABLE TIP_PLATA (ID_TIP_PLATA NUMBER(4,0), COD VARCHAR2(4), DESCRIERE VARCHAR2(30));
INSERT INTO TIP_PLATA (ID_TIP_PLATA, COD, DESCRIERE) VALUES (30, 'DP', 'Dispozitie de plata');
INSERT INTO TIP_PLATA (ID_TIP_PLATA, COD, DESCRIERE) VALUES (40, 'Num', 'plata cu numerar la livrare');
INSERT INTO TIP_PLATA (ID_TIP_PLATA, COD, DESCRIERE) VALUES (10, 'BO', 'Bilet la ordin');
INSERT INTO TIP_PLATA (ID_TIP_PLATA, COD, DESCRIERE) VALUES (20, 'CEC', 'CEC');
SELECT * FROM TIP_PLATA;

CREATE TABLE facturi
   (    "ID_FACTURA" NUMBER(4,0),
        "ID_CASA" NUMBER(4,0),
        "ID_CLIENT" NUMBER(4,0),
        "ADRESA_LIVRARE" VARCHAR2(255 BYTE),
        "ADRESA_FACTURARE" VARCHAR2(255 BYTE),
        "ID_TIP_LIVRARE" NUMBER(4,0),
        "DATA" DATE,
        "STATUS" VARCHAR2(1 BYTE),
        "ID_TIP_PLATA" NUMBER(4,0)
    );

select * from facturi;

INSERT INTO facturi ("ID_FACTURA", "ID_CASA", "ID_CLIENT", "ADRESA_LIVRARE", "ADRESA_FACTURARE", "ID_TIP_LIVRARE", "DATA", "STATUS", "ID_TIP_PLATA") VALUES (168, 402, 242, '306', '306', NULL, TO_DATE('2007-03-13', 'YYYY-MM-DD'), '0', 30);
INSERT INTO facturi ("ID_FACTURA", "ID_CASA", "ID_CLIENT", "ADRESA_LIVRARE", "ADRESA_FACTURARE", "ID_TIP_LIVRARE", "DATA", "STATUS", "ID_TIP_PLATA") VALUES (137, 301, 242, '216', '34', 32, TO_DATE('2007-03-13', 'YYYY-MM-DD'), '2', 30);
INSERT INTO facturi ("ID_FACTURA", "ID_CASA", "ID_CLIENT", "ADRESA_LIVRARE", "ADRESA_FACTURARE", "ID_TIP_LIVRARE", "DATA", "STATUS", "ID_TIP_PLATA") VALUES (33, NULL, 258, '163', '163', NULL, TO_DATE('2007-03-13', 'YYYY-MM-DD'), '0', 40);
INSERT INTO facturi ("ID_FACTURA", "ID_CASA", "ID_CLIENT", "ADRESA_LIVRARE", "ADRESA_FACTURARE", "ID_TIP_LIVRARE", "DATA", "STATUS", "ID_TIP_PLATA") VALUES (80, 402, 242, '306', '34', 42, TO_DATE('2007-03-13', 'YYYY-MM-DD'), '0', 30);
INSERT INTO facturi ("ID_FACTURA", "ID_CASA", "ID_CLIENT", "ADRESA_LIVRARE", "ADRESA_FACTURARE", "ID_TIP_LIVRARE", "DATA", "STATUS", "ID_TIP_PLATA") VALUES (127, 301, 242, '75', '34', 31, TO_DATE('2007-03-13', 'YYYY-MM-DD'), '2', 30);
INSERT INTO facturi ("ID_FACTURA", "ID_CASA", "ID_CLIENT", "ADRESA_LIVRARE", "ADRESA_FACTURARE", "ID_TIP_LIVRARE", "DATA", "STATUS", "ID_TIP_PLATA") VALUES (84, 402, 242, '306', '34', NULL, TO_DATE('2007-03-14', 'YYYY-MM-DD'), '2', 30);
INSERT INTO facturi ("ID_FACTURA", "ID_CASA", "ID_CLIENT", "ADRESA_LIVRARE", "ADRESA_FACTURARE", "ID_TIP_LIVRARE", "DATA", "STATUS", "ID_TIP_PLATA") VALUES (81, 401, 242, '296', '34', NULL, TO_DATE('2007-03-14', 'YYYY-MM-DD'), '2', 30);
INSERT INTO facturi ("ID_FACTURA", "ID_CASA", "ID_CLIENT", "ADRESA_LIVRARE", "ADRESA_FACTURARE", "ID_TIP_LIVRARE", "DATA", "STATUS", "ID_TIP_PLATA") VALUES (2, 402, 242, '220', '34', 42, TO_DATE('2007-03-14', 'YYYY-MM-DD'), '2', 30);
INSERT INTO facturi ("ID_FACTURA", "ID_CASA", "ID_CLIENT", "ADRESA_LIVRARE", "ADRESA_FACTURARE", "ID_TIP_LIVRARE", "DATA", "STATUS", "ID_TIP_PLATA") VALUES (22, 402, 242, '34', '34', 41, TO_DATE('2007-03-14', 'YYYY-MM-DD'), '2', 30);
INSERT INTO facturi ("ID_FACTURA", "ID_CASA", "ID_CLIENT", "ADRESA_LIVRARE", "ADRESA_FACTURARE", "ID_TIP_LIVRARE", "DATA", "STATUS", "ID_TIP_PLATA") VALUES (169, 401, 242, '296', '34', 41, TO_DATE('2007-03-14', 'YYYY-MM-DD'), '2', 30);
INSERT INTO facturi ("ID_FACTURA", "ID_CASA", "ID_CLIENT", "ADRESA_LIVRARE", "ADRESA_FACTURARE", "ID_TIP_LIVRARE", "DATA", "STATUS", "ID_TIP_PLATA") VALUES (101, 401, 242, '85', '34', 42, TO_DATE('2007-03-14', 'YYYY-MM-DD'), '2', 30);
INSERT INTO facturi ("ID_FACTURA", "ID_CASA", "ID_CLIENT", "ADRESA_LIVRARE", "ADRESA_FACTURARE", "ID_TIP_LIVRARE", "DATA", "STATUS", "ID_TIP_PLATA") VALUES (91, 301, 242, '34', '34', 31, TO_DATE('2007-03-14', 'YYYY-MM-DD'), '2', 30);
INSERT INTO facturi ("ID_FACTURA", "ID_CASA", "ID_CLIENT", "ADRESA_LIVRARE", "ADRESA_FACTURARE", "ID_TIP_LIVRARE", "DATA", "STATUS", "ID_TIP_PLATA") VALUES (57, 401, 242, '306', '34', NULL, TO_DATE('2007-03-14', 'YYYY-MM-DD'), '2', 30);
INSERT INTO facturi ("ID_FACTURA", "ID_CASA", "ID_CLIENT", "ADRESA_LIVRARE", "ADRESA_FACTURARE", "ID_TIP_LIVRARE", "DATA", "STATUS", "ID_TIP_PLATA") VALUES (114, NULL, 242, '34', '34', NULL, TO_DATE('2007-03-15', 'YYYY-MM-DD'), '2', 30);
INSERT INTO facturi ("ID_FACTURA", "ID_CASA", "ID_CLIENT", "ADRESA_LIVRARE", "ADRESA_FACTURARE", "ID_TIP_LIVRARE", "DATA", "STATUS", "ID_TIP_PLATA") VALUES (72, 302, 242, '306', '34', NULL, TO_DATE('2007-03-15', 'YYYY-MM-DD'), '2', 30);
INSERT INTO facturi ("ID_FACTURA", "ID_CASA", "ID_CLIENT", "ADRESA_LIVRARE", "ADRESA_FACTURARE", "ID_TIP_LIVRARE", "DATA", "STATUS", "ID_TIP_PLATA") VALUES (100, 402, 242, '34', '34', 41, TO_DATE('2007-03-15', 'YYYY-MM-DD'), '2', 30);
INSERT INTO facturi ("ID_FACTURA", "ID_CASA", "ID_CLIENT", "ADRESA_LIVRARE", "ADRESA_FACTURARE", "ID_TIP_LIVRARE", "DATA", "STATUS", "ID_TIP_PLATA") VALUES (79, 401, 242, '85', '34', 41, TO_DATE('2007-03-15', 'YYYY-MM-DD'), '2', 30);
INSERT INTO facturi ("ID_FACTURA", "ID_CASA", "ID_CLIENT", "ADRESA_LIVRARE", "ADRESA_FACTURARE", "ID_TIP_LIVRARE", "DATA", "STATUS", "ID_TIP_PLATA") VALUES (166, NULL, 242, '34', '34', NULL, TO_DATE('2007-03-16', 'YYYY-MM-DD'), '2', 30);
INSERT INTO facturi ("ID_FACTURA", "ID_CASA", "ID_CLIENT", "ADRESA_LIVRARE", "ADRESA_FACTURARE", "ID_TIP_LIVRARE", "DATA", "STATUS", "ID_TIP_PLATA") VALUES (94, 402, 242, '220', '34', 41, TO_DATE('2007-03-16', 'YYYY-MM-DD'), '2', 30);
INSERT INTO facturi ("ID_FACTURA", "ID_CASA", "ID_CLIENT", "ADRESA_LIVRARE", "ADRESA_FACTURARE", "ID_TIP_LIVRARE", "DATA", "STATUS", "ID_TIP_PLATA") VALUES (96, 402, 242, '34', '34', NULL, TO_DATE('2007-03-16', 'YYYY-MM-DD'), '2', 30);
INSERT INTO facturi ("ID_FACTURA", "ID_CASA", "ID_CLIENT", "ADRESA_LIVRARE", "ADRESA_FACTURARE", "ID_TIP_LIVRARE", "DATA", "STATUS", "ID_TIP_PLATA") VALUES (60, 402, 242, '318', '34', NULL, TO_DATE('2007-03-16', 'YYYY-MM-DD'), '2', 30);
INSERT INTO facturi ("ID_FACTURA", "ID_CASA", "ID_CLIENT", "ADRESA_LIVRARE", "ADRESA_FACTURARE", "ID_TIP_LIVRARE", "DATA", "STATUS", "ID_TIP_PLATA") VALUES (164, 402, 242, '306', '34', 42, TO_DATE('2007-03-16', 'YYYY-MM-DD'), '2', 30);
INSERT INTO facturi ("ID_FACTURA", "ID_CASA", "ID_CLIENT", "ADRESA_LIVRARE", "ADRESA_FACTURARE", "ID_TIP_LIVRARE", "DATA", "STATUS", "ID_TIP_PLATA") VALUES (37, 401, 242, '87', '34', 41, TO_DATE('2007-03-16', 'YYYY-MM-DD'), '2', 30);
INSERT INTO facturi ("ID_FACTURA", "ID_CASA", "ID_CLIENT", "ADRESA_LIVRARE", "ADRESA_FACTURARE", "ID_TIP_LIVRARE", "DATA", "STATUS", "ID_TIP_PLATA") VALUES (30, NULL, 117, '313', '313', NULL, TO_DATE('2007-03-19', 'YYYY-MM-DD'), '0', 30);
INSERT INTO facturi ("ID_FACTURA", "ID_CASA", "ID_CLIENT", "ADRESA_LIVRARE", "ADRESA_FACTURARE", "ID_TIP_LIVRARE", "DATA", "STATUS", "ID_TIP_PLATA") VALUES (102, NULL, 49, NULL, NULL, NULL, TO_DATE('2007-03-19', 'YYYY-MM-DD'), '0', 30);
INSERT INTO facturi ("ID_FACTURA", "ID_CASA", "ID_CLIENT", "ADRESA_LIVRARE", "ADRESA_FACTURARE", "ID_TIP_LIVRARE", "DATA", "STATUS", "ID_TIP_PLATA") VALUES (89, NULL, 117, NULL, NULL, NULL, TO_DATE('2007-03-20', 'YYYY-MM-DD'), '0', 30);
INSERT INTO facturi ("ID_FACTURA", "ID_CASA", "ID_CLIENT", "ADRESA_LIVRARE", "ADRESA_FACTURARE", "ID_TIP_LIVRARE", "DATA", "STATUS", "ID_TIP_PLATA") VALUES (83, 301, 117, NULL, NULL, 32, TO_DATE('2007-03-20', 'YYYY-MM-DD'), '0', 30);
INSERT INTO facturi ("ID_FACTURA", "ID_CASA", "ID_CLIENT", "ADRESA_LIVRARE", "ADRESA_FACTURARE", "ID_TIP_LIVRARE", "DATA", "STATUS", "ID_TIP_PLATA") VALUES (19, 301, 242, '84', '34', 31, TO_DATE('2007-03-20', 'YYYY-MM-DD'), '2', 30);
INSERT INTO facturi ("ID_FACTURA", "ID_CASA", "ID_CLIENT", "ADRESA_LIVRARE", "ADRESA_FACTURARE", "ID_TIP_LIVRARE", "DATA", "STATUS", "ID_TIP_PLATA") VALUES (146, 402, 242, '85', '34', 42, TO_DATE('2007-03-20', 'YYYY-MM-DD'), '2', 30);
INSERT INTO facturi ("ID_FACTURA", "ID_CASA", "ID_CLIENT", "ADRESA_LIVRARE", "ADRESA_FACTURARE", "ID_TIP_LIVRARE", "DATA", "STATUS", "ID_TIP_PLATA") VALUES (142, NULL, 242, '85', '34', NULL, TO_DATE('2007-03-20', 'YYYY-MM-DD'), '2', 30);
INSERT INTO facturi ("ID_FACTURA", "ID_CASA", "ID_CLIENT", "ADRESA_LIVRARE", "ADRESA_FACTURARE", "ID_TIP_LIVRARE", "DATA", "STATUS", "ID_TIP_PLATA") VALUES (11, 401, 242, '216', '34', 42, TO_DATE('2007-03-20', 'YYYY-MM-DD'), '2', 30);
INSERT INTO facturi ("ID_FACTURA", "ID_CASA", "ID_CLIENT", "ADRESA_LIVRARE", "ADRESA_FACTURARE", "ID_TIP_LIVRARE", "DATA", "STATUS", "ID_TIP_PLATA") VALUES (162, 402, 242, '220', '34', NULL, TO_DATE('2007-03-20', 'YYYY-MM-DD'), '2', 30);
INSERT INTO facturi ("ID_FACTURA", "ID_CASA", "ID_CLIENT", "ADRESA_LIVRARE", "ADRESA_FACTURARE", "ID_TIP_LIVRARE", "DATA", "STATUS", "ID_TIP_PLATA") VALUES (59, 401, 242, '32', '34', 42, TO_DATE('2007-03-20', 'YYYY-MM-DD'), '2', 30);
INSERT INTO facturi ("ID_FACTURA", "ID_CASA", "ID_CLIENT", "ADRESA_LIVRARE", "ADRESA_FACTURARE", "ID_TIP_LIVRARE", "DATA", "STATUS", "ID_TIP_PLATA") VALUES (135, 401, 242, '318', '34', NULL, TO_DATE('2007-03-20', 'YYYY-MM-DD'), '2', 30);
INSERT INTO facturi ("ID_FACTURA", "ID_CASA", "ID_CLIENT", "ADRESA_LIVRARE", "ADRESA_FACTURARE", "ID_TIP_LIVRARE", "DATA", "STATUS", "ID_TIP_PLATA") VALUES (76, 402, 242, '216', '34', 41, TO_DATE('2007-03-20', 'YYYY-MM-DD'), '2', 30);
INSERT INTO facturi ("ID_FACTURA", "ID_CASA", "ID_CLIENT", "ADRESA_LIVRARE", "ADRESA_FACTURARE", "ID_TIP_LIVRARE", "DATA", "STATUS", "ID_TIP_PLATA") VALUES (144, 402, 242, '216', '34', NULL, TO_DATE('2007-03-20', 'YYYY-MM-DD'), '2', 30);
INSERT INTO facturi ("ID_FACTURA", "ID_CASA", "ID_CLIENT", "ADRESA_LIVRARE", "ADRESA_FACTURARE", "ID_TIP_LIVRARE", "DATA", "STATUS", "ID_TIP_PLATA") VALUES (98, 402, 242, '87', '34', 42, TO_DATE('2007-03-20', 'YYYY-MM-DD'), '2', 30);
INSERT INTO facturi ("ID_FACTURA", "ID_CASA", "ID_CLIENT", "ADRESA_LIVRARE", "ADRESA_FACTURARE", "ID_TIP_LIVRARE", "DATA", "STATUS", "ID_TIP_PLATA") VALUES (113, 201, 242, '306', '34', 22, TO_DATE('2007-03-20', 'YYYY-MM-DD'), '2', 30);
INSERT INTO facturi ("ID_FACTURA", "ID_CASA", "ID_CLIENT", "ADRESA_LIVRARE", "ADRESA_FACTURARE", "ID_TIP_LIVRARE", "DATA", "STATUS", "ID_TIP_PLATA") VALUES (77, 301, 117, NULL, NULL, 32, TO_DATE('2007-03-21', 'YYYY-MM-DD'), '0', 30);
INSERT INTO facturi ("ID_FACTURA", "ID_CASA", "ID_CLIENT", "ADRESA_LIVRARE", "ADRESA_FACTURARE", "ID_TIP_LIVRARE", "DATA", "STATUS", "ID_TIP_PLATA") VALUES (8, 202, 242, '220', '34', 22, TO_DATE('2007-03-23', 'YYYY-MM-DD'), '2', 30);
INSERT INTO facturi ("ID_FACTURA", "ID_CASA", "ID_CLIENT", "ADRESA_LIVRARE", "ADRESA_FACTURARE", "ID_TIP_LIVRARE", "DATA", "STATUS", "ID_TIP_PLATA") VALUES (4, NULL, 25, '236', '236', NULL, TO_DATE('2007-03-23', 'YYYY-MM-DD'), '0', 30);
INSERT INTO facturi ("ID_FACTURA", "ID_CASA", "ID_CLIENT", "ADRESA_LIVRARE", "ADRESA_FACTURARE", "ID_TIP_LIVRARE", "DATA", "STATUS", "ID_TIP_PLATA") VALUES (117, 201, 25, '236', '236', NULL, TO_DATE('2007-03-23', 'YYYY-MM-DD'), '0', 30);
INSERT INTO facturi ("ID_FACTURA", "ID_CASA", "ID_CLIENT", "ADRESA_LIVRARE", "ADRESA_FACTURARE", "ID_TIP_LIVRARE", "DATA", "STATUS", "ID_TIP_PLATA") VALUES (55, 201, 230, '140', '140', 21, TO_DATE('2007-03-28', 'YYYY-MM-DD'), '0', 30);
INSERT INTO facturi ("ID_FACTURA", "ID_CASA", "ID_CLIENT", "ADRESA_LIVRARE", "ADRESA_FACTURARE", "ID_TIP_LIVRARE", "DATA", "STATUS", "ID_TIP_PLATA") VALUES (21, 201, 25, NULL, NULL, NULL, TO_DATE('2007-03-28', 'YYYY-MM-DD'), '0', 30);
INSERT INTO facturi ("ID_FACTURA", "ID_CASA", "ID_CLIENT", "ADRESA_LIVRARE", "ADRESA_FACTURARE", "ID_TIP_LIVRARE", "DATA", "STATUS", "ID_TIP_PLATA") VALUES (67, 301, 25, NULL, NULL, 31, TO_DATE('2007-03-28', 'YYYY-MM-DD'), '0', 30);
INSERT INTO facturi ("ID_FACTURA", "ID_CASA", "ID_CLIENT", "ADRESA_LIVRARE", "ADRESA_FACTURARE", "ID_TIP_LIVRARE", "DATA", "STATUS", "ID_TIP_PLATA") VALUES (58, 102, 30, '213', '2', 11, TO_DATE('2007-03-29', 'YYYY-MM-DD'), '0', 30);
INSERT INTO facturi ("ID_FACTURA", "ID_CASA", "ID_CLIENT", "ADRESA_LIVRARE", "ADRESA_FACTURARE", "ID_TIP_LIVRARE", "DATA", "STATUS", "ID_TIP_PLATA") VALUES (136, 202, 25, '236', '236', 21, TO_DATE('2007-03-30', 'YYYY-MM-DD'), '0', 30);
INSERT INTO facturi ("ID_FACTURA", "ID_CASA", "ID_CLIENT", "ADRESA_LIVRARE", "ADRESA_FACTURARE", "ID_TIP_LIVRARE", "DATA", "STATUS", "ID_TIP_PLATA") VALUES (107, 301, 117, NULL, NULL, 32, TO_DATE('2007-03-30', 'YYYY-MM-DD'), '0', 30);
INSERT INTO facturi ("ID_FACTURA", "ID_CASA", "ID_CLIENT", "ADRESA_LIVRARE", "ADRESA_FACTURARE", "ID_TIP_LIVRARE", "DATA", "STATUS", "ID_TIP_PLATA") VALUES (109, 201, 30, '213', '2', 21, TO_DATE('2007-03-30', 'YYYY-MM-DD'), '0', 30);
INSERT INTO facturi ("ID_FACTURA", "ID_CASA", "ID_CLIENT", "ADRESA_LIVRARE", "ADRESA_FACTURARE", "ID_TIP_LIVRARE", "DATA", "STATUS", "ID_TIP_PLATA") VALUES (119, 401, 90, '76', '76', 42, TO_DATE('2007-04-03', 'YYYY-MM-DD'), '2', 40);
INSERT INTO facturi ("ID_FACTURA", "ID_CASA", "ID_CLIENT", "ADRESA_LIVRARE", "ADRESA_FACTURARE", "ID_TIP_LIVRARE", "DATA", "STATUS", "ID_TIP_PLATA") VALUES (124, 402, 49, NULL, NULL, 41, TO_DATE('2007-04-03', 'YYYY-MM-DD'), '0', 30);
INSERT INTO facturi ("ID_FACTURA", "ID_CASA", "ID_CLIENT", "ADRESA_LIVRARE", "ADRESA_FACTURARE", "ID_TIP_LIVRARE", "DATA", "STATUS", "ID_TIP_PLATA") VALUES (143, 101, 49, NULL, NULL, 12, TO_DATE('2007-04-03', 'YYYY-MM-DD'), '0', 30);
INSERT INTO facturi ("ID_FACTURA", "ID_CASA", "ID_CLIENT", "ADRESA_LIVRARE", "ADRESA_FACTURARE", "ID_TIP_LIVRARE", "DATA", "STATUS", "ID_TIP_PLATA") VALUES (93, NULL, 49, NULL, NULL, NULL, TO_DATE('2007-04-03', 'YYYY-MM-DD'), '0', 30);
INSERT INTO facturi ("ID_FACTURA", "ID_CASA", "ID_CLIENT", "ADRESA_LIVRARE", "ADRESA_FACTURARE", "ID_TIP_LIVRARE", "DATA", "STATUS", "ID_TIP_PLATA") VALUES (73, NULL, 49, '56', '56', NULL, TO_DATE('2007-04-03', 'YYYY-MM-DD'), '0', 30);
INSERT INTO facturi ("ID_FACTURA", "ID_CASA", "ID_CLIENT", "ADRESA_LIVRARE", "ADRESA_FACTURARE", "ID_TIP_LIVRARE", "DATA", "STATUS", "ID_TIP_PLATA") VALUES (13, 401, 49, '56', '56', 41, TO_DATE('2007-04-03', 'YYYY-MM-DD'), '0', 30);
INSERT INTO facturi ("ID_FACTURA", "ID_CASA", "ID_CLIENT", "ADRESA_LIVRARE", "ADRESA_FACTURARE", "ID_TIP_LIVRARE", "DATA", "STATUS", "ID_TIP_PLATA") VALUES (158, 202, 30, '2', '213', 22, TO_DATE('2007-04-03', 'YYYY-MM-DD'), '0', 30);
INSERT INTO facturi ("ID_FACTURA", "ID_CASA", "ID_CLIENT", "ADRESA_LIVRARE", "ADRESA_FACTURARE", "ID_TIP_LIVRARE", "DATA", "STATUS", "ID_TIP_PLATA") VALUES (155, 401, 49, '56', '56', 42, TO_DATE('2007-04-04', 'YYYY-MM-DD'), '0', 30);
INSERT INTO facturi ("ID_FACTURA", "ID_CASA", "ID_CLIENT", "ADRESA_LIVRARE", "ADRESA_FACTURARE", "ID_TIP_LIVRARE", "DATA", "STATUS", "ID_TIP_PLATA") VALUES (157, 401, 49, '56', '56', 41, TO_DATE('2007-04-04', 'YYYY-MM-DD'), '0', 30);
INSERT INTO facturi ("ID_FACTURA", "ID_CASA", "ID_CLIENT", "ADRESA_LIVRARE", "ADRESA_FACTURARE", "ID_TIP_LIVRARE", "DATA", "STATUS", "ID_TIP_PLATA") VALUES (39, NULL, 66, '245', '245', NULL, TO_DATE('2007-04-04', 'YYYY-MM-DD'), '2', 40);
INSERT INTO facturi ("ID_FACTURA", "ID_CASA", "ID_CLIENT", "ADRESA_LIVRARE", "ADRESA_FACTURARE", "ID_TIP_LIVRARE", "DATA", "STATUS", "ID_TIP_PLATA") VALUES (10, 102, 49, NULL, NULL, 11, TO_DATE('2007-04-05', 'YYYY-MM-DD'), '0', 30);
INSERT INTO facturi ("ID_FACTURA", "ID_CASA", "ID_CLIENT", "ADRESA_LIVRARE", "ADRESA_FACTURARE", "ID_TIP_LIVRARE", "DATA", "STATUS", "ID_TIP_PLATA") VALUES (50, NULL, 255, '210', '210', NULL, TO_DATE('2007-04-06', 'YYYY-MM-DD'), '2', 40);
INSERT INTO facturi ("ID_FACTURA", "ID_CASA", "ID_CLIENT", "ADRESA_LIVRARE", "ADRESA_FACTURARE", "ID_TIP_LIVRARE", "DATA", "STATUS", "ID_TIP_PLATA") VALUES (141, NULL, 49, NULL, NULL, NULL, TO_DATE('2007-04-11', 'YYYY-MM-DD'), '0', 30);
INSERT INTO facturi ("ID_FACTURA", "ID_CASA", "ID_CLIENT", "ADRESA_LIVRARE", "ADRESA_FACTURARE", "ID_TIP_LIVRARE", "DATA", "STATUS", "ID_TIP_PLATA") VALUES (32, NULL, 49, NULL, NULL, NULL, TO_DATE('2007-04-11', 'YYYY-MM-DD'), '0', 30);
INSERT INTO facturi ("ID_FACTURA", "ID_CASA", "ID_CLIENT", "ADRESA_LIVRARE", "ADRESA_FACTURARE", "ID_TIP_LIVRARE", "DATA", "STATUS", "ID_TIP_PLATA") VALUES (122, 102, 30, '10', '2', 12, TO_DATE('2007-04-11', 'YYYY-MM-DD'), '0', 30);
INSERT INTO facturi ("ID_FACTURA", "ID_CASA", "ID_CLIENT", "ADRESA_LIVRARE", "ADRESA_FACTURARE", "ID_TIP_LIVRARE", "DATA", "STATUS", "ID_TIP_PLATA") VALUES (25, NULL, 49, NULL, NULL, NULL, TO_DATE('2007-04-11', 'YYYY-MM-DD'), '0', 30);
INSERT INTO facturi ("ID_FACTURA", "ID_CASA", "ID_CLIENT", "ADRESA_LIVRARE", "ADRESA_FACTURARE", "ID_TIP_LIVRARE", "DATA", "STATUS", "ID_TIP_PLATA") VALUES (108, 202, 49, '56', '56', NULL, TO_DATE('2007-04-13', 'YYYY-MM-DD'), '0', 30);
INSERT INTO facturi ("ID_FACTURA", "ID_CASA", "ID_CLIENT", "ADRESA_LIVRARE", "ADRESA_FACTURARE", "ID_TIP_LIVRARE", "DATA", "STATUS", "ID_TIP_PLATA") VALUES (139, 401, 49, '56', '56', 41, TO_DATE('2007-04-13', 'YYYY-MM-DD'), '0', 30);
INSERT INTO facturi ("ID_FACTURA", "ID_CASA", "ID_CLIENT", "ADRESA_LIVRARE", "ADRESA_FACTURARE", "ID_TIP_LIVRARE", "DATA", "STATUS", "ID_TIP_PLATA") VALUES (16, 402, 242, '164', '34', 41, TO_DATE('2007-03-21', 'YYYY-MM-DD'), '2', 30);
INSERT INTO facturi ("ID_FACTURA", "ID_CASA", "ID_CLIENT", "ADRESA_LIVRARE", "ADRESA_FACTURARE", "ID_TIP_LIVRARE", "DATA", "STATUS", "ID_TIP_PLATA") VALUES (87, 401, 95, '231', '231', NULL, TO_DATE('2007-03-21', 'YYYY-MM-DD'), '2', 30);
INSERT INTO facturi ("ID_FACTURA", "ID_CASA", "ID_CLIENT", "ADRESA_LIVRARE", "ADRESA_FACTURARE", "ID_TIP_LIVRARE", "DATA", "STATUS", "ID_TIP_PLATA") VALUES (167, 201, 242, '32', '34', 22, TO_DATE('2007-03-21', 'YYYY-MM-DD'), '2', 30);
INSERT INTO facturi ("ID_FACTURA", "ID_CASA", "ID_CLIENT", "ADRESA_LIVRARE", "ADRESA_FACTURARE", "ID_TIP_LIVRARE", "DATA", "STATUS", "ID_TIP_PLATA") VALUES (20, 402, 242, '226', '34', 42, TO_DATE('2007-03-22', 'YYYY-MM-DD'), '2', 30);
INSERT INTO facturi ("ID_FACTURA", "ID_CASA", "ID_CLIENT", "ADRESA_LIVRARE", "ADRESA_FACTURARE", "ID_TIP_LIVRARE", "DATA", "STATUS", "ID_TIP_PLATA") VALUES (64, 302, 91, '51', '72', 31, TO_DATE('2007-07-24', 'YYYY-MM-DD'), '2', 30);
INSERT INTO facturi ("ID_FACTURA", "ID_CASA", "ID_CLIENT", "ADRESA_LIVRARE", "ADRESA_FACTURARE", "ID_TIP_LIVRARE", "DATA", "STATUS", "ID_TIP_PLATA") VALUES (125, 401, 232, NULL, NULL, 42, TO_DATE('2007-07-26', 'YYYY-MM-DD'), '2', 30);
INSERT INTO facturi ("ID_FACTURA", "ID_CASA", "ID_CLIENT", "ADRESA_LIVRARE", "ADRESA_FACTURARE", "ID_TIP_LIVRARE", "DATA", "STATUS", "ID_TIP_PLATA") VALUES (153, 201, 62, '199', '199', NULL, TO_DATE('2007-07-26', 'YYYY-MM-DD'), '2', 30);
INSERT INTO facturi ("ID_FACTURA", "ID_CASA", "ID_CLIENT", "ADRESA_LIVRARE", "ADRESA_FACTURARE", "ID_TIP_LIVRARE", "DATA", "STATUS", "ID_TIP_PLATA") VALUES (18, NULL, 11, '219', '98', NULL, TO_DATE('2007-07-26', 'YYYY-MM-DD'), '0', 40);
INSERT INTO facturi ("ID_FACTURA", "ID_CASA", "ID_CLIENT", "ADRESA_LIVRARE", "ADRESA_FACTURARE", "ID_TIP_LIVRARE", "DATA", "STATUS", "ID_TIP_PLATA") VALUES (103, 401, 232, NULL, NULL, 41, TO_DATE('2007-07-27', 'YYYY-MM-DD'), '0', 30);
INSERT INTO facturi ("ID_FACTURA", "ID_CASA", "ID_CLIENT", "ADRESA_LIVRARE", "ADRESA_FACTURARE", "ID_TIP_LIVRARE", "DATA", "STATUS", "ID_TIP_PLATA") VALUES (15, 201, 258, '286', '286', NULL, TO_DATE('2007-02-27', 'YYYY-MM-DD'), '2', 40);
INSERT INTO facturi ("ID_FACTURA", "ID_CASA", "ID_CLIENT", "ADRESA_LIVRARE", "ADRESA_FACTURARE", "ID_TIP_LIVRARE", "DATA", "STATUS", "ID_TIP_PLATA") VALUES (12, 202, 258, '286', '286', NULL, TO_DATE('2007-02-27', 'YYYY-MM-DD'), '2', 40);
INSERT INTO facturi ("ID_FACTURA", "ID_CASA", "ID_CLIENT", "ADRESA_LIVRARE", "ADRESA_FACTURARE", "ID_TIP_LIVRARE", "DATA", "STATUS", "ID_TIP_PLATA") VALUES (126, 302, 44, '275', '275', NULL, TO_DATE('2007-03-05', 'YYYY-MM-DD'), '0', 40);
INSERT INTO facturi ("ID_FACTURA", "ID_CASA", "ID_CLIENT", "ADRESA_LIVRARE", "ADRESA_FACTURARE", "ID_TIP_LIVRARE", "DATA", "STATUS", "ID_TIP_PLATA") VALUES (104, NULL, 242, '75', '75', NULL, TO_DATE('2007-03-05', 'YYYY-MM-DD'), '0', 30);
INSERT INTO facturi ("ID_FACTURA", "ID_CASA", "ID_CLIENT", "ADRESA_LIVRARE", "ADRESA_FACTURARE", "ID_TIP_LIVRARE", "DATA", "STATUS", "ID_TIP_PLATA") VALUES (115, NULL, 242, '75', '85', NULL, TO_DATE('2007-03-05', 'YYYY-MM-DD'), '0', 30);
INSERT INTO facturi ("ID_FACTURA", "ID_CASA", "ID_CLIENT", "ADRESA_LIVRARE", "ADRESA_FACTURARE", "ID_TIP_LIVRARE", "DATA", "STATUS", "ID_TIP_PLATA") VALUES (147, NULL, 242, '306', '306', NULL, TO_DATE('2007-03-05', 'YYYY-MM-DD'), '0', 30);
INSERT INTO facturi ("ID_FACTURA", "ID_CASA", "ID_CLIENT", "ADRESA_LIVRARE", "ADRESA_FACTURARE", "ID_TIP_LIVRARE", "DATA", "STATUS", "ID_TIP_PLATA") VALUES (161, NULL, 258, '286', '163', NULL, TO_DATE('2007-03-05', 'YYYY-MM-DD'), '0', 30);
INSERT INTO facturi ("ID_FACTURA", "ID_CASA", "ID_CLIENT", "ADRESA_LIVRARE", "ADRESA_FACTURARE", "ID_TIP_LIVRARE", "DATA", "STATUS", "ID_TIP_PLATA") VALUES (46, NULL, 242, '75', '75', NULL, TO_DATE('2007-03-06', 'YYYY-MM-DD'), '0', 30);
INSERT INTO facturi ("ID_FACTURA", "ID_CASA", "ID_CLIENT", "ADRESA_LIVRARE", "ADRESA_FACTURARE", "ID_TIP_LIVRARE", "DATA", "STATUS", "ID_TIP_PLATA") VALUES (118, NULL, 242, '75', '75', NULL, TO_DATE('2007-03-09', 'YYYY-MM-DD'), '0', 30);
INSERT INTO facturi ("ID_FACTURA", "ID_CASA", "ID_CLIENT", "ADRESA_LIVRARE", "ADRESA_FACTURARE", "ID_TIP_LIVRARE", "DATA", "STATUS", "ID_TIP_PLATA") VALUES (14, NULL, 242, '216', '296', NULL, TO_DATE('2007-03-12', 'YYYY-MM-DD'), '0', 30);
INSERT INTO facturi ("ID_FACTURA", "ID_CASA", "ID_CLIENT", "ADRESA_LIVRARE", "ADRESA_FACTURARE", "ID_TIP_LIVRARE", "DATA", "STATUS", "ID_TIP_PLATA") VALUES (26, NULL, 242, '216', '32', NULL, TO_DATE('2007-03-12', 'YYYY-MM-DD'), '0', 30);
INSERT INTO facturi ("ID_FACTURA", "ID_CASA", "ID_CLIENT", "ADRESA_LIVRARE", "ADRESA_FACTURARE", "ID_TIP_LIVRARE", "DATA", "STATUS", "ID_TIP_PLATA") VALUES (56, 202, 242, '238', '306', 22, TO_DATE('2007-03-12', 'YYYY-MM-DD'), '0', 30);
INSERT INTO facturi ("ID_FACTURA", "ID_CASA", "ID_CLIENT", "ADRESA_LIVRARE", "ADRESA_FACTURARE", "ID_TIP_LIVRARE", "DATA", "STATUS", "ID_TIP_PLATA") VALUES (52, 202, 242, '261', '32', 21, TO_DATE('2007-03-12', 'YYYY-MM-DD'), '0', 30);
INSERT INTO facturi ("ID_FACTURA", "ID_CASA", "ID_CLIENT", "ADRESA_LIVRARE", "ADRESA_FACTURARE", "ID_TIP_LIVRARE", "DATA", "STATUS", "ID_TIP_PLATA") VALUES (159, NULL, 242, '306', '216', NULL, TO_DATE('2007-03-12', 'YYYY-MM-DD'), '0', 30);
INSERT INTO facturi ("ID_FACTURA", "ID_CASA", "ID_CLIENT", "ADRESA_LIVRARE", "ADRESA_FACTURARE", "ID_TIP_LIVRARE", "DATA", "STATUS", "ID_TIP_PLATA") VALUES (44, NULL, 242, '314', '226', NULL, TO_DATE('2007-03-12', 'YYYY-MM-DD'), '0', 40);
INSERT INTO facturi ("ID_FACTURA", "ID_CASA", "ID_CLIENT", "ADRESA_LIVRARE", "ADRESA_FACTURARE", "ID_TIP_LIVRARE", "DATA", "STATUS", "ID_TIP_PLATA") VALUES (34, NULL, 242, '306', '85', NULL, TO_DATE('2007-03-12', 'YYYY-MM-DD'), '0', 30);
INSERT INTO facturi ("ID_FACTURA", "ID_CASA", "ID_CLIENT", "ADRESA_LIVRARE", "ADRESA_FACTURARE", "ID_TIP_LIVRARE", "DATA", "STATUS", "ID_TIP_PLATA") VALUES (69, NULL, 242, '216', '34', NULL, TO_DATE('2007-03-12', 'YYYY-MM-DD'), '0', 30);
INSERT INTO facturi ("ID_FACTURA", "ID_CASA", "ID_CLIENT", "ADRESA_LIVRARE", "ADRESA_FACTURARE", "ID_TIP_LIVRARE", "DATA", "STATUS", "ID_TIP_PLATA") VALUES (151, 301, 242, '34', '34', 31, TO_DATE('2007-03-12', 'YYYY-MM-DD'), '0', 30);
INSERT INTO facturi ("ID_FACTURA", "ID_CASA", "ID_CLIENT", "ADRESA_LIVRARE", "ADRESA_FACTURARE", "ID_TIP_LIVRARE", "DATA", "STATUS", "ID_TIP_PLATA") VALUES (3, 201, 242, '318', '34', NULL, TO_DATE('2007-03-13', 'YYYY-MM-DD'), '2', 40);
INSERT INTO facturi ("ID_FACTURA", "ID_CASA", "ID_CLIENT", "ADRESA_LIVRARE", "ADRESA_FACTURARE", "ID_TIP_LIVRARE", "DATA", "STATUS", "ID_TIP_PLATA") VALUES (170, 402, 242, '34', '34', 42, TO_DATE('2007-03-13', 'YYYY-MM-DD'), '2', 30);
INSERT INTO facturi ("ID_FACTURA", "ID_CASA", "ID_CLIENT", "ADRESA_LIVRARE", "ADRESA_FACTURARE", "ID_TIP_LIVRARE", "DATA", "STATUS", "ID_TIP_PLATA") VALUES (68, 402, 242, '84', '34', 42, TO_DATE('2007-03-13', 'YYYY-MM-DD'), '0', 30);
INSERT INTO facturi ("ID_FACTURA", "ID_CASA", "ID_CLIENT", "ADRESA_LIVRARE", "ADRESA_FACTURARE", "ID_TIP_LIVRARE", "DATA", "STATUS", "ID_TIP_PLATA") VALUES (88, NULL, 258, '163', '163', NULL, TO_DATE('2007-03-13', 'YYYY-MM-DD'), '0', 30);
INSERT INTO facturi ("ID_FACTURA", "ID_CASA", "ID_CLIENT", "ADRESA_LIVRARE", "ADRESA_FACTURARE", "ID_TIP_LIVRARE", "DATA", "STATUS", "ID_TIP_PLATA") VALUES (70, 402, 242, '296', '34', 41, TO_DATE('2007-03-13', 'YYYY-MM-DD'), '2', 30);
INSERT INTO facturi ("ID_FACTURA", "ID_CASA", "ID_CLIENT", "ADRESA_LIVRARE", "ADRESA_FACTURARE", "ID_TIP_LIVRARE", "DATA", "STATUS", "ID_TIP_PLATA") VALUES (138, 402, 242, '318', '34', NULL, TO_DATE('2007-03-13', 'YYYY-MM-DD'), '2', 30);
INSERT INTO facturi ("ID_FACTURA", "ID_CASA", "ID_CLIENT", "ADRESA_LIVRARE", "ADRESA_FACTURARE", "ID_TIP_LIVRARE", "DATA", "STATUS", "ID_TIP_PLATA") VALUES (85, 401, 242, '226', '34', 41, TO_DATE('2007-03-22', 'YYYY-MM-DD'), '2', 30);
INSERT INTO facturi ("ID_FACTURA", "ID_CASA", "ID_CLIENT", "ADRESA_LIVRARE", "ADRESA_FACTURARE", "ID_TIP_LIVRARE", "DATA", "STATUS", "ID_TIP_PLATA") VALUES (9, 401, 242, '226', '34', NULL, TO_DATE('2007-03-22', 'YYYY-MM-DD'), '2', 30);
INSERT INTO facturi ("ID_FACTURA", "ID_CASA", "ID_CLIENT", "ADRESA_LIVRARE", "ADRESA_FACTURARE", "ID_TIP_LIVRARE", "DATA", "STATUS", "ID_TIP_PLATA") VALUES (75, 401, 242, '318', '34', NULL, TO_DATE('2007-03-22', 'YYYY-MM-DD'), '2', 30);
INSERT INTO facturi ("ID_FACTURA", "ID_CASA", "ID_CLIENT", "ADRESA_LIVRARE", "ADRESA_FACTURARE", "ID_TIP_LIVRARE", "DATA", "STATUS", "ID_TIP_PLATA") VALUES (43, 301, 242, '255', '34', 31, TO_DATE('2007-03-22', 'YYYY-MM-DD'), '2', 30);
INSERT INTO facturi ("ID_FACTURA", "ID_CASA", "ID_CLIENT", "ADRESA_LIVRARE", "ADRESA_FACTURARE", "ID_TIP_LIVRARE", "DATA", "STATUS", "ID_TIP_PLATA") VALUES (6, 302, 242, '84', '34', NULL, TO_DATE('2007-03-23', 'YYYY-MM-DD'), '2', 30);
INSERT INTO facturi ("ID_FACTURA", "ID_CASA", "ID_CLIENT", "ADRESA_LIVRARE", "ADRESA_FACTURARE", "ID_TIP_LIVRARE", "DATA", "STATUS", "ID_TIP_PLATA") VALUES (5, 401, 242, '255', '34', 42, TO_DATE('2007-03-23', 'YYYY-MM-DD'), '2', 30);
INSERT INTO facturi ("ID_FACTURA", "ID_CASA", "ID_CLIENT", "ADRESA_LIVRARE", "ADRESA_FACTURARE", "ID_TIP_LIVRARE", "DATA", "STATUS", "ID_TIP_PLATA") VALUES (140, 402, 242, '226', '34', 42, TO_DATE('2007-03-23', 'YYYY-MM-DD'), '2', 30);
INSERT INTO facturi ("ID_FACTURA", "ID_CASA", "ID_CLIENT", "ADRESA_LIVRARE", "ADRESA_FACTURARE", "ID_TIP_LIVRARE", "DATA", "STATUS", "ID_TIP_PLATA") VALUES (38, 102, 160, '13', '13', 12, TO_DATE('2007-04-13', 'YYYY-MM-DD'), '2', 30);
INSERT INTO facturi ("ID_FACTURA", "ID_CASA", "ID_CLIENT", "ADRESA_LIVRARE", "ADRESA_FACTURARE", "ID_TIP_LIVRARE", "DATA", "STATUS", "ID_TIP_PLATA") VALUES (145, 301, 108, '162', '162', 31, TO_DATE('2007-04-16', 'YYYY-MM-DD'), '2', 40);
INSERT INTO facturi ("ID_FACTURA", "ID_CASA", "ID_CLIENT", "ADRESA_LIVRARE", "ADRESA_FACTURARE", "ID_TIP_LIVRARE", "DATA", "STATUS", "ID_TIP_PLATA") VALUES (120, NULL, 248, '113', '113', NULL, TO_DATE('2007-04-17', 'YYYY-MM-DD'), '0', 30);
INSERT INTO facturi ("ID_FACTURA", "ID_CASA", "ID_CLIENT", "ADRESA_LIVRARE", "ADRESA_FACTURARE", "ID_TIP_LIVRARE", "DATA", "STATUS", "ID_TIP_PLATA") VALUES (40, 402, 59, '176', '176', 41, TO_DATE('2007-04-17', 'YYYY-MM-DD'), '2', 30);
INSERT INTO facturi ("ID_FACTURA", "ID_CASA", "ID_CLIENT", "ADRESA_LIVRARE", "ADRESA_FACTURARE", "ID_TIP_LIVRARE", "DATA", "STATUS", "ID_TIP_PLATA") VALUES (74, NULL, 30, '10', '2', NULL, TO_DATE('2007-04-18', 'YYYY-MM-DD'), '0', 30);
INSERT INTO facturi ("ID_FACTURA", "ID_CASA", "ID_CLIENT", "ADRESA_LIVRARE", "ADRESA_FACTURARE", "ID_TIP_LIVRARE", "DATA", "STATUS", "ID_TIP_PLATA") VALUES (97, NULL, 30, '213', '194', NULL, TO_DATE('2007-04-23', 'YYYY-MM-DD'), '0', 30);
INSERT INTO facturi ("ID_FACTURA", "ID_CASA", "ID_CLIENT", "ADRESA_LIVRARE", "ADRESA_FACTURARE", "ID_TIP_LIVRARE", "DATA", "STATUS", "ID_TIP_PLATA") VALUES (63, NULL, 30, '10', '10', NULL, TO_DATE('2007-04-23', 'YYYY-MM-DD'), '0', 30);
INSERT INTO facturi ("ID_FACTURA", "ID_CASA", "ID_CLIENT", "ADRESA_LIVRARE", "ADRESA_FACTURARE", "ID_TIP_LIVRARE", "DATA", "STATUS", "ID_TIP_PLATA") VALUES (24, 202, 137, '146', '146', NULL, TO_DATE('2007-04-24', 'YYYY-MM-DD'), '0', 30);
INSERT INTO facturi ("ID_FACTURA", "ID_CASA", "ID_CLIENT", "ADRESA_LIVRARE", "ADRESA_FACTURARE", "ID_TIP_LIVRARE", "DATA", "STATUS", "ID_TIP_PLATA") VALUES (42, 302, 28, '152', '221', NULL, TO_DATE('2007-04-24', 'YYYY-MM-DD'), '2', 30);
INSERT INTO facturi ("ID_FACTURA", "ID_CASA", "ID_CLIENT", "ADRESA_LIVRARE", "ADRESA_FACTURARE", "ID_TIP_LIVRARE", "DATA", "STATUS", "ID_TIP_PLATA") VALUES (31, 201, 126, '16', '16', 21, TO_DATE('2007-04-25', 'YYYY-MM-DD'), '0', 30);
INSERT INTO facturi ("ID_FACTURA", "ID_CASA", "ID_CLIENT", "ADRESA_LIVRARE", "ADRESA_FACTURARE", "ID_TIP_LIVRARE", "DATA", "STATUS", "ID_TIP_PLATA") VALUES (99, NULL, 30, '213', '2', NULL, TO_DATE('2007-04-25', 'YYYY-MM-DD'), '0', 30);
INSERT INTO facturi ("ID_FACTURA", "ID_CASA", "ID_CLIENT", "ADRESA_LIVRARE", "ADRESA_FACTURARE", "ID_TIP_LIVRARE", "DATA", "STATUS", "ID_TIP_PLATA") VALUES (66, 202, 93, '292', '292', NULL, TO_DATE('2007-04-26', 'YYYY-MM-DD'), '2', 40);
INSERT INTO facturi ("ID_FACTURA", "ID_CASA", "ID_CLIENT", "ADRESA_LIVRARE", "ADRESA_FACTURARE", "ID_TIP_LIVRARE", "DATA", "STATUS", "ID_TIP_PLATA") VALUES (152, 302, 30, '213', '2', 32, TO_DATE('2007-04-26', 'YYYY-MM-DD'), '0', 30);
INSERT INTO facturi ("ID_FACTURA", "ID_CASA", "ID_CLIENT", "ADRESA_LIVRARE", "ADRESA_FACTURARE", "ID_TIP_LIVRARE", "DATA", "STATUS", "ID_TIP_PLATA") VALUES (35, 201, 84, '270', '270', 22, TO_DATE('2007-05-08', 'YYYY-MM-DD'), '0', 30);
INSERT INTO facturi ("ID_FACTURA", "ID_CASA", "ID_CLIENT", "ADRESA_LIVRARE", "ADRESA_FACTURARE", "ID_TIP_LIVRARE", "DATA", "STATUS", "ID_TIP_PLATA") VALUES (65, 301, 30, '10', '2', 32, TO_DATE('2007-05-09', 'YYYY-MM-DD'), '0', 30);
INSERT INTO facturi ("ID_FACTURA", "ID_CASA", "ID_CLIENT", "ADRESA_LIVRARE", "ADRESA_FACTURARE", "ID_TIP_LIVRARE", "DATA", "STATUS", "ID_TIP_PLATA") VALUES (29, 201, 84, '270', '270', 22, TO_DATE('2007-05-10', 'YYYY-MM-DD'), '0', 30);
INSERT INTO facturi ("ID_FACTURA", "ID_CASA", "ID_CLIENT", "ADRESA_LIVRARE", "ADRESA_FACTURARE", "ID_TIP_LIVRARE", "DATA", "STATUS", "ID_TIP_PLATA") VALUES (129, NULL, 39, '217', '217', NULL, TO_DATE('2007-06-13', 'YYYY-MM-DD'), '2', 30);
INSERT INTO facturi ("ID_FACTURA", "ID_CASA", "ID_CLIENT", "ADRESA_LIVRARE", "ADRESA_FACTURARE", "ID_TIP_LIVRARE", "DATA", "STATUS", "ID_TIP_PLATA") VALUES (54, 202, 232, NULL, NULL, NULL, TO_DATE('2007-06-15', 'YYYY-MM-DD'), '2', 30);
INSERT INTO facturi ("ID_FACTURA", "ID_CASA", "ID_CLIENT", "ADRESA_LIVRARE", "ADRESA_FACTURARE", "ID_TIP_LIVRARE", "DATA", "STATUS", "ID_TIP_PLATA") VALUES (95, 401, 232, NULL, NULL, 42, TO_DATE('2007-06-15', 'YYYY-MM-DD'), '2', 30);
INSERT INTO facturi ("ID_FACTURA", "ID_CASA", "ID_CLIENT", "ADRESA_LIVRARE", "ADRESA_FACTURARE", "ID_TIP_LIVRARE", "DATA", "STATUS", "ID_TIP_PLATA") VALUES (82, NULL, 232, NULL, NULL, NULL, TO_DATE('2007-06-19', 'YYYY-MM-DD'), '2', 30);
INSERT INTO facturi ("ID_FACTURA", "ID_CASA", "ID_CLIENT", "ADRESA_LIVRARE", "ADRESA_FACTURARE", "ID_TIP_LIVRARE", "DATA", "STATUS", "ID_TIP_PLATA") VALUES (149, 201, 232, NULL, NULL, 22, TO_DATE('2007-06-19', 'YYYY-MM-DD'), '2', 30);
INSERT INTO facturi ("ID_FACTURA", "ID_CASA", "ID_CLIENT", "ADRESA_LIVRARE", "ADRESA_FACTURARE", "ID_TIP_LIVRARE", "DATA", "STATUS", "ID_TIP_PLATA") VALUES (62, 402, 192, '178', '178', 42, TO_DATE('2007-06-20', 'YYYY-MM-DD'), '2', 40);
INSERT INTO facturi ("ID_FACTURA", "ID_CASA", "ID_CLIENT", "ADRESA_LIVRARE", "ADRESA_FACTURARE", "ID_TIP_LIVRARE", "DATA", "STATUS", "ID_TIP_PLATA") VALUES (49, NULL, 232, NULL, NULL, NULL, TO_DATE('2007-06-21', 'YYYY-MM-DD'), '2', 30);
INSERT INTO facturi ("ID_FACTURA", "ID_CASA", "ID_CLIENT", "ADRESA_LIVRARE", "ADRESA_FACTURARE", "ID_TIP_LIVRARE", "DATA", "STATUS", "ID_TIP_PLATA") VALUES (116, 202, 232, NULL, NULL, 22, TO_DATE('2007-06-21', 'YYYY-MM-DD'), '2', 30);
INSERT INTO facturi ("ID_FACTURA", "ID_CASA", "ID_CLIENT", "ADRESA_LIVRARE", "ADRESA_FACTURARE", "ID_TIP_LIVRARE", "DATA", "STATUS", "ID_TIP_PLATA") VALUES (53, 301, 232, NULL, NULL, 32, TO_DATE('2007-06-25', 'YYYY-MM-DD'), '2', 30);
INSERT INTO facturi ("ID_FACTURA", "ID_CASA", "ID_CLIENT", "ADRESA_LIVRARE", "ADRESA_FACTURARE", "ID_TIP_LIVRARE", "DATA", "STATUS", "ID_TIP_PLATA") VALUES (133, 201, 232, NULL, NULL, 21, TO_DATE('2007-06-25', 'YYYY-MM-DD'), '2', 30);
INSERT INTO facturi ("ID_FACTURA", "ID_CASA", "ID_CLIENT", "ADRESA_LIVRARE", "ADRESA_FACTURARE", "ID_TIP_LIVRARE", "DATA", "STATUS", "ID_TIP_PLATA") VALUES (160, 202, 232, NULL, NULL, 21, TO_DATE('2007-06-26', 'YYYY-MM-DD'), '2', 30);
INSERT INTO facturi ("ID_FACTURA", "ID_CASA", "ID_CLIENT", "ADRESA_LIVRARE", "ADRESA_FACTURARE", "ID_TIP_LIVRARE", "DATA", "STATUS", "ID_TIP_PLATA") VALUES (154, 202, 232, NULL, NULL, 21, TO_DATE('2007-06-26', 'YYYY-MM-DD'), '2', 30);
INSERT INTO facturi ("ID_FACTURA", "ID_CASA", "ID_CLIENT", "ADRESA_LIVRARE", "ADRESA_FACTURARE", "ID_TIP_LIVRARE", "DATA", "STATUS", "ID_TIP_PLATA") VALUES (41, 201, 232, NULL, NULL, 22, TO_DATE('2007-06-27', 'YYYY-MM-DD'), '2', 30);
INSERT INTO facturi ("ID_FACTURA", "ID_CASA", "ID_CLIENT", "ADRESA_LIVRARE", "ADRESA_FACTURARE", "ID_TIP_LIVRARE", "DATA", "STATUS", "ID_TIP_PLATA") VALUES (105, 201, 232, NULL, NULL, NULL, TO_DATE('2007-06-27', 'YYYY-MM-DD'), '2', 30);
INSERT INTO facturi ("ID_FACTURA", "ID_CASA", "ID_CLIENT", "ADRESA_LIVRARE", "ADRESA_FACTURARE", "ID_TIP_LIVRARE", "DATA", "STATUS", "ID_TIP_PLATA") VALUES (128, 202, 232, NULL, NULL, 22, TO_DATE('2007-06-27', 'YYYY-MM-DD'), '2', 30);
INSERT INTO facturi ("ID_FACTURA", "ID_CASA", "ID_CLIENT", "ADRESA_LIVRARE", "ADRESA_FACTURARE", "ID_TIP_LIVRARE", "DATA", "STATUS", "ID_TIP_PLATA") VALUES (150, 402, 85, '42', '42', NULL, TO_DATE('2007-07-02', 'YYYY-MM-DD'), '2', 30);
INSERT INTO facturi ("ID_FACTURA", "ID_CASA", "ID_CLIENT", "ADRESA_LIVRARE", "ADRESA_FACTURARE", "ID_TIP_LIVRARE", "DATA", "STATUS", "ID_TIP_PLATA") VALUES (45, 201, 232, NULL, NULL, NULL, TO_DATE('2007-07-02', 'YYYY-MM-DD'), '2', 30);
INSERT INTO facturi ("ID_FACTURA", "ID_CASA", "ID_CLIENT", "ADRESA_LIVRARE", "ADRESA_FACTURARE", "ID_TIP_LIVRARE", "DATA", "STATUS", "ID_TIP_PLATA") VALUES (130, 102, 232, NULL, NULL, 11, TO_DATE('2007-07-02', 'YYYY-MM-DD'), '2', 30);
INSERT INTO facturi ("ID_FACTURA", "ID_CASA", "ID_CLIENT", "ADRESA_LIVRARE", "ADRESA_FACTURARE", "ID_TIP_LIVRARE", "DATA", "STATUS", "ID_TIP_PLATA") VALUES (71, 201, 30, '2', '2', 22, TO_DATE('2007-07-05', 'YYYY-MM-DD'), '2', 30);
INSERT INTO facturi ("ID_FACTURA", "ID_CASA", "ID_CLIENT", "ADRESA_LIVRARE", "ADRESA_FACTURARE", "ID_TIP_LIVRARE", "DATA", "STATUS", "ID_TIP_PLATA") VALUES (148, 202, 232, NULL, NULL, 21, TO_DATE('2007-07-10', 'YYYY-MM-DD'), '2', 30);
INSERT INTO facturi ("ID_FACTURA", "ID_CASA", "ID_CLIENT", "ADRESA_LIVRARE", "ADRESA_FACTURARE", "ID_TIP_LIVRARE", "DATA", "STATUS", "ID_TIP_PLATA") VALUES (7, 401, 232, NULL, NULL, 41, TO_DATE('2007-07-10', 'YYYY-MM-DD'), '2', 30);
INSERT INTO facturi ("ID_FACTURA", "ID_CASA", "ID_CLIENT", "ADRESA_LIVRARE", "ADRESA_FACTURARE", "ID_TIP_LIVRARE", "DATA", "STATUS", "ID_TIP_PLATA") VALUES (17, 101, 232, NULL, NULL, 12, TO_DATE('2007-07-11', 'YYYY-MM-DD'), '2', 30);
INSERT INTO facturi ("ID_FACTURA", "ID_CASA", "ID_CLIENT", "ADRESA_LIVRARE", "ADRESA_FACTURARE", "ID_TIP_LIVRARE", "DATA", "STATUS", "ID_TIP_PLATA") VALUES (106, 202, 232, NULL, NULL, 21, TO_DATE('2007-07-12', 'YYYY-MM-DD'), '2', 30);
INSERT INTO facturi ("ID_FACTURA", "ID_CASA", "ID_CLIENT", "ADRESA_LIVRARE", "ADRESA_FACTURARE", "ID_TIP_LIVRARE", "DATA", "STATUS", "ID_TIP_PLATA") VALUES (123, 201, 30, '2', '2', NULL, TO_DATE('2007-07-13', 'YYYY-MM-DD'), '2', 30);
INSERT INTO facturi ("ID_FACTURA", "ID_CASA", "ID_CLIENT", "ADRESA_LIVRARE", "ADRESA_FACTURARE", "ID_TIP_LIVRARE", "DATA", "STATUS", "ID_TIP_PLATA") VALUES (1, 401, 232, NULL, NULL, 41, TO_DATE('2007-07-16', 'YYYY-MM-DD'), '2', 30);
INSERT INTO facturi ("ID_FACTURA", "ID_CASA", "ID_CLIENT", "ADRESA_LIVRARE", "ADRESA_FACTURARE", "ID_TIP_LIVRARE", "DATA", "STATUS", "ID_TIP_PLATA") VALUES (92, 202, 132, '133', '133', 22, TO_DATE('2007-07-16', 'YYYY-MM-DD'), '2', 30);
INSERT INTO facturi ("ID_FACTURA", "ID_CASA", "ID_CLIENT", "ADRESA_LIVRARE", "ADRESA_FACTURARE", "ID_TIP_LIVRARE", "DATA", "STATUS", "ID_TIP_PLATA") VALUES (163, 401, 85, '42', '42', 41, TO_DATE('2007-07-17', 'YYYY-MM-DD'), '2', 30);
INSERT INTO facturi ("ID_FACTURA", "ID_CASA", "ID_CLIENT", "ADRESA_LIVRARE", "ADRESA_FACTURARE", "ID_TIP_LIVRARE", "DATA", "STATUS", "ID_TIP_PLATA") VALUES (78, 202, 232, NULL, NULL, NULL, TO_DATE('2007-07-18', 'YYYY-MM-DD'), '2', 30);
INSERT INTO facturi ("ID_FACTURA", "ID_CASA", "ID_CLIENT", "ADRESA_LIVRARE", "ADRESA_FACTURARE", "ID_TIP_LIVRARE", "DATA", "STATUS", "ID_TIP_PLATA") VALUES (36, 202, 34, '291', '291', NULL, TO_DATE('2007-05-16', 'YYYY-MM-DD'), '0', 40);
INSERT INTO facturi ("ID_FACTURA", "ID_CASA", "ID_CLIENT", "ADRESA_LIVRARE", "ADRESA_FACTURARE", "ID_TIP_LIVRARE", "DATA", "STATUS", "ID_TIP_PLATA") VALUES (165, 201, 132, '133', '133', NULL, TO_DATE('2007-05-17', 'YYYY-MM-DD'), '2', 30);
INSERT INTO facturi ("ID_FACTURA", "ID_CASA", "ID_CLIENT", "ADRESA_LIVRARE", "ADRESA_FACTURARE", "ID_TIP_LIVRARE", "DATA", "STATUS", "ID_TIP_PLATA") VALUES (110, 202, 188, '47', '47', 22, TO_DATE('2007-05-23', 'YYYY-MM-DD'), '0', 40);
INSERT INTO facturi ("ID_FACTURA", "ID_CASA", "ID_CLIENT", "ADRESA_LIVRARE", "ADRESA_FACTURARE", "ID_TIP_LIVRARE", "DATA", "STATUS", "ID_TIP_PLATA") VALUES (111, 201, 232, NULL, NULL, NULL, TO_DATE('2007-06-04', 'YYYY-MM-DD'), '2', 30);
INSERT INTO facturi ("ID_FACTURA", "ID_CASA", "ID_CLIENT", "ADRESA_LIVRARE", "ADRESA_FACTURARE", "ID_TIP_LIVRARE", "DATA", "STATUS", "ID_TIP_PLATA") VALUES (47, 201, 232, NULL, NULL, 22, TO_DATE('2007-06-04', 'YYYY-MM-DD'), '2', 30);
INSERT INTO facturi ("ID_FACTURA", "ID_CASA", "ID_CLIENT", "ADRESA_LIVRARE", "ADRESA_FACTURARE", "ID_TIP_LIVRARE", "DATA", "STATUS", "ID_TIP_PLATA") VALUES (23, 101, 232, NULL, NULL, 12, TO_DATE('2007-06-07', 'YYYY-MM-DD'), '2', 30);
INSERT INTO facturi ("ID_FACTURA", "ID_CASA", "ID_CLIENT", "ADRESA_LIVRARE", "ADRESA_FACTURARE", "ID_TIP_LIVRARE", "DATA", "STATUS", "ID_TIP_PLATA") VALUES (131, NULL, 232, NULL, NULL, NULL, TO_DATE('2007-06-08', 'YYYY-MM-DD'), '2', 30);
INSERT INTO facturi ("ID_FACTURA", "ID_CASA", "ID_CLIENT", "ADRESA_LIVRARE", "ADRESA_FACTURARE", "ID_TIP_LIVRARE", "DATA", "STATUS", "ID_TIP_PLATA") VALUES (27, 201, 232, NULL, NULL, NULL, TO_DATE('2007-06-12', 'YYYY-MM-DD'), '2', 30);
INSERT INTO facturi ("ID_FACTURA", "ID_CASA", "ID_CLIENT", "ADRESA_LIVRARE", "ADRESA_FACTURARE", "ID_TIP_LIVRARE", "DATA", "STATUS", "ID_TIP_PLATA") VALUES (86, 202, 232, NULL, NULL, 22, TO_DATE('2007-06-12', 'YYYY-MM-DD'), '2', 30);
INSERT INTO facturi ("ID_FACTURA", "ID_CASA", "ID_CLIENT", "ADRESA_LIVRARE", "ADRESA_FACTURARE", "ID_TIP_LIVRARE", "DATA", "STATUS", "ID_TIP_PLATA") VALUES (156, 402, 232, NULL, NULL, NULL, TO_DATE('2007-06-12', 'YYYY-MM-DD'), '2', 30);
INSERT INTO facturi ("ID_FACTURA", "ID_CASA", "ID_CLIENT", "ADRESA_LIVRARE", "ADRESA_FACTURARE", "ID_TIP_LIVRARE", "DATA", "STATUS", "ID_TIP_PLATA") VALUES (90, 402, 232, NULL, NULL, NULL, TO_DATE('2007-06-12', 'YYYY-MM-DD'), '2', 30);
INSERT INTO facturi ("ID_FACTURA", "ID_CASA", "ID_CLIENT", "ADRESA_LIVRARE", "ADRESA_FACTURARE", "ID_TIP_LIVRARE", "DATA", "STATUS", "ID_TIP_PLATA") VALUES (51, 401, 232, NULL, NULL, NULL, TO_DATE('2007-06-12', 'YYYY-MM-DD'), '2', 30);
INSERT INTO facturi ("ID_FACTURA", "ID_CASA", "ID_CLIENT", "ADRESA_LIVRARE", "ADRESA_FACTURARE", "ID_TIP_LIVRARE", "DATA", "STATUS", "ID_TIP_PLATA") VALUES (134, 202, 232, NULL, NULL, 22, TO_DATE('2007-06-12', 'YYYY-MM-DD'), '2', 30);
INSERT INTO facturi ("ID_FACTURA", "ID_CASA", "ID_CLIENT", "ADRESA_LIVRARE", "ADRESA_FACTURARE", "ID_TIP_LIVRARE", "DATA", "STATUS", "ID_TIP_PLATA") VALUES (112, NULL, 232, NULL, NULL, NULL, TO_DATE('2007-06-13', 'YYYY-MM-DD'), '2', 30);
INSERT INTO facturi ("ID_FACTURA", "ID_CASA", "ID_CLIENT", "ADRESA_LIVRARE", "ADRESA_FACTURARE", "ID_TIP_LIVRARE", "DATA", "STATUS", "ID_TIP_PLATA") VALUES (28, NULL, 39, '217', '217', NULL, TO_DATE('2007-06-13', 'YYYY-MM-DD'), '2', 30);
INSERT INTO facturi ("ID_FACTURA", "ID_CASA", "ID_CLIENT", "ADRESA_LIVRARE", "ADRESA_FACTURARE", "ID_TIP_LIVRARE", "DATA", "STATUS", "ID_TIP_PLATA") VALUES (121, 201, 91, '51', '72', 21, TO_DATE('2007-07-18', 'YYYY-MM-DD'), '2', 30);
INSERT INTO facturi ("ID_FACTURA", "ID_CASA", "ID_CLIENT", "ADRESA_LIVRARE", "ADRESA_FACTURARE", "ID_TIP_LIVRARE", "DATA", "STATUS", "ID_TIP_PLATA") VALUES (132, 402, 232, NULL, NULL, NULL, TO_DATE('2007-07-19', 'YYYY-MM-DD'), '2', 30);
INSERT INTO facturi ("ID_FACTURA", "ID_CASA", "ID_CLIENT", "ADRESA_LIVRARE", "ADRESA_FACTURARE", "ID_TIP_LIVRARE", "DATA", "STATUS", "ID_TIP_PLATA") VALUES (61, 201, 232, NULL, NULL, 21, TO_DATE('2007-07-19', 'YYYY-MM-DD'), '2', 30);
INSERT INTO facturi ("ID_FACTURA", "ID_CASA", "ID_CLIENT", "ADRESA_LIVRARE", "ADRESA_FACTURARE", "ID_TIP_LIVRARE", "DATA", "STATUS", "ID_TIP_PLATA") VALUES (48, 302, 62, '199', '199', NULL, TO_DATE('2007-07-23', 'YYYY-MM-DD'), '2', 30);

commit;
select * from facturi;
select * from tip_plata;


--test object

DECLARE 
  TYPE tab_ind IS TABLE OF tip_plata.descriere%TYPE 
       INDEX BY PLS_INTEGER; 
  t    tab_ind; 
  l_start_time NUMBER;
  l_end_time NUMBER;
  l_total_time NUMBER := 0;
  l_runs NUMBER := 10000; 
  l_avg_time NUMBER;
BEGIN 
  
  FOR run_counter IN 1..l_runs LOOP
    l_start_time := DBMS_UTILITY.GET_TIME;
    
    DELETE FROM tip_plata 
    WHERE  id_tip_plata NOT IN (SELECT id_tip_plata FROM facturi) 
    RETURNING descriere BULK COLLECT INTO t; 

    l_end_time := DBMS_UTILITY.GET_TIME;
    l_total_time := l_total_time + (l_end_time - l_start_time);

    ROLLBACK; 
  END LOOP;
  
  l_avg_time := (l_total_time / l_runs) / 100;
  
  DBMS_OUTPUT.PUT_LINE('Număr teste object: ' || l_runs);
  DBMS_OUTPUT.PUT_LINE('Timp mediu de execuție: ' || l_avg_time || ' secunde');
  DBMS_OUTPUT.PUT_LINE('Timp total de execuție: ' || (l_total_time/100) || ' secunde');
  
  DBMS_OUTPUT.PUT_LINE('Tabloul are ' || t.COUNT || ' elemente:');
  FOR i IN t.FIRST..t.LAST LOOP 
    DBMS_OUTPUT.PUT_LINE(t(i)); 
  END LOOP; 
END;
/


--test record

DECLARE 
  TYPE rec IS RECORD (id tip_plata.id_tip_plata%TYPE, 
                      den tip_plata.descriere%TYPE); 
  TYPE tab_ind IS TABLE OF rec 
       INDEX BY PLS_INTEGER; 
  t    tab_ind; 
  l_start_time NUMBER;
  l_end_time NUMBER;
  l_total_time NUMBER := 0;
  l_runs NUMBER := 10000; 
  l_avg_time NUMBER;
BEGIN 
  
  FOR run_counter IN 1..l_runs LOOP
    l_start_time := DBMS_UTILITY.GET_TIME;
    
    DELETE FROM tip_plata  
    WHERE  id_tip_plata NOT IN (SELECT id_tip_plata  
                               FROM facturi) 
    RETURNING id_tip_plata, descriere BULK COLLECT INTO t; 
 
    l_end_time := DBMS_UTILITY.GET_TIME;
    l_total_time := l_total_time + (l_end_time - l_start_time);
    
    
    
    ROLLBACK; 
  END LOOP;
  
  l_avg_time := (l_total_time / l_runs) / 100;
  
  DBMS_OUTPUT.PUT_LINE('Număr teste record: ' || l_runs);
  DBMS_OUTPUT.PUT_LINE('Timp mediu de execuție: ' || l_avg_time || ' secunde');
  DBMS_OUTPUT.PUT_LINE('Timp total de execuție: ' || (l_total_time/100) || ' secunde');
  
  DBMS_OUTPUT.PUT_LINE('Tabloul are ' || t.COUNT || ' elemente:');
  FOR i IN t.FIRST..t.LAST LOOP 
    DBMS_OUTPUT.PUT_LINE(t(i).id ||' '|| t(i).den); 
  END LOOP; 
END;
/


-- exercitul cu excursii din lab plsql2 doar cu operatii sql

-- First, create the collection type and table
CREATE TYPE tip_orase AS VARRAY(20) OF VARCHAR2(30);
/

CREATE TABLE excursie_sro (
    cod_excursie_sro NUMBER(4),
    denumire VARCHAR2(20),
    orase tip_orase,
    status VARCHAR2(100) CHECK (status IN ('disponibilă', 'anulată'))
);
/

INSERT INTO excursie_sro VALUES (1, 'Excursie Munți', tip_orase('Brasov', 'Sinaia', 'Predeal'), 'disponibilă');
INSERT INTO excursie_sro VALUES (2, 'Excursie Mare', tip_orase('Constanța', 'Mamaia', 'Eforie'), 'disponibilă');
INSERT INTO excursie_sro VALUES (3, 'Capitala', tip_orase('București'), 'disponibilă');
INSERT INTO excursie_sro VALUES (4, 'Transilvania', tip_orase('Cluj', 'Sibiu', 'Alba Iulia', 'Sighișoara'), 'disponibilă');
INSERT INTO excursie_sro VALUES (5, 'Delta Dunării', tip_orase('Tulcea', 'Murighiol'), 'anulată');
COMMIT;

--1
UPDATE excursie_sro 
SET orase = tip_orase('Brasov', 'Sinaia', 'Predeal', 'Brașov Nou')
WHERE cod_excursie_sro = 1;

--2
UPDATE excursie_sro 
SET orase = tip_orase('Brasov', 'Bușteni', 'Sinaia', 'Predeal', 'Brașov Nou')
WHERE cod_excursie_sro = 1;

--3
UPDATE excursie_sro e
SET orase = (
    SELECT CAST(MULTISET(
        SELECT CASE 
            WHEN COLUMN_VALUE = 'Brasov' THEN 'Predeal'
            WHEN COLUMN_VALUE = 'Predeal' THEN 'Brasov'
            ELSE COLUMN_VALUE
        END
        FROM TABLE(e.orase)
        ORDER BY ROWNUM
    ) AS tip_orase)
    FROM dual
)
WHERE cod_excursie_sro = 1;

--4
UPDATE excursie_sro e
SET orase = (
    SELECT CAST(MULTISET(
        SELECT COLUMN_VALUE
        FROM TABLE(e.orase)
        WHERE COLUMN_VALUE != 'Sinaia'
    ) AS tip_orase)
    FROM dual
)
WHERE cod_excursie_sro = 1;


SELECT 
    e.cod_excursie_sro,
    e.denumire,
    COUNT(o.column_value) as numar_orase,
    LISTAGG(o.column_value, ', ') WITHIN GROUP (ORDER BY o.column_value) as orase_vizitate
FROM excursie_sro e,
     TABLE(e.orase) o
WHERE e.cod_excursie_sro = 1
GROUP BY e.cod_excursie_sro, e.denumire;

-- E2.d - For each excursion, display the list of cities visited
SELECT 
    e.cod_excursie_sro,
    e.denumire,
    e.status,
    COUNT(o.column_value) as numar_orase,
    LISTAGG(o.column_value, ', ') WITHIN GROUP (ORDER BY o.column_value) as orase_vizitate
FROM excursie_sro e,
     TABLE(e.orase) o
GROUP BY e.cod_excursie_sro, e.denumire, e.status
ORDER BY e.cod_excursie_sro;


UPDATE excursie_sro e1
SET status = 'anulată'
WHERE (SELECT COUNT(*) FROM TABLE(e1.orase)) = (
    SELECT MIN((SELECT COUNT(*) FROM TABLE(e2.orase)))
    FROM excursie_sro e2
    WHERE e2.status = 'disponibilă'
);

SELECT * FROM excursie_sro ORDER BY cod_excursie_sro;


select * from excursie_sro;


-- vararray vs nested table vs indexed by table, pe aceiasi tabela (tip_plata)

--varray test
DECLARE
    TYPE varray_tip_plata IS VARRAY(100) OF tip_plata%ROWTYPE;
    TYPE nested_table_tip_plata IS TABLE OF tip_plata%ROWTYPE;
    TYPE index_by_table_tip_plata IS TABLE OF tip_plata%ROWTYPE INDEX BY PLS_INTEGER;

    v_varray varray_tip_plata;
    v_nested_table nested_table_tip_plata;
    v_index_by_table index_by_table_tip_plata;

    CURSOR c_tip_plata IS
        SELECT * FROM tip_plata;

    l_start_time NUMBER;
    l_end_time NUMBER;
    l_total_time NUMBER := 0;
    l_runs NUMBER := 10000;
    l_avg_time NUMBER;
BEGIN
    FOR run_counter IN 1..l_runs LOOP
        l_start_time := DBMS_UTILITY.GET_TIME;

        v_varray := varray_tip_plata();
        FOR rec IN c_tip_plata LOOP
            v_varray.EXTEND;
            v_varray(v_varray.COUNT) := rec;
        END LOOP;

        l_end_time := DBMS_UTILITY.GET_TIME;
        l_total_time := l_total_time + (l_end_time - l_start_time);
    END LOOP;
    l_avg_time := (l_total_time / l_runs) / 100;
    DBMS_OUTPUT.PUT_LINE('VARRAY - Numar teste: ' || l_runs);
    DBMS_OUTPUT.PUT_LINE('VARRAY - Timp mediu de executie: ' || l_avg_time || ' secunde');
end;
/

--nested table test

DECLARE
    TYPE varray_tip_plata IS VARRAY(100) OF tip_plata%ROWTYPE;
    TYPE nested_table_tip_plata IS TABLE OF tip_plata%ROWTYPE;
    TYPE index_by_table_tip_plata IS TABLE OF tip_plata%ROWTYPE INDEX BY PLS_INTEGER;

    v_varray varray_tip_plata;
    v_nested_table nested_table_tip_plata;
    v_index_by_table index_by_table_tip_plata;

    CURSOR c_tip_plata IS
        SELECT * FROM tip_plata;

    l_start_time NUMBER;
    l_end_time NUMBER;
    l_total_time NUMBER := 0;
    l_runs NUMBER := 10000;
    l_avg_time NUMBER;
BEGIN
    FOR run_counter IN 1..l_runs LOOP
        l_start_time := DBMS_UTILITY.GET_TIME;

        v_nested_table := nested_table_tip_plata();
        FOR rec IN c_tip_plata LOOP
            v_nested_table.EXTEND;
            v_nested_table(v_nested_table.COUNT) := rec;
        END LOOP;

        l_end_time := DBMS_UTILITY.GET_TIME;
        l_total_time := l_total_time + (l_end_time - l_start_time);
    END LOOP;
    l_avg_time := (l_total_time / l_runs) / 100;
    DBMS_OUTPUT.PUT_LINE('Nested Table - Numar teste: ' || l_runs);
    DBMS_OUTPUT.PUT_LINE('Nested Table - Timp mediu de executie: ' || l_avg_time || ' secunde');
end;
/


-- indexed by table test
DECLARE
    TYPE varray_tip_plata IS VARRAY(100) OF tip_plata%ROWTYPE;
    TYPE nested_table_tip_plata IS TABLE OF tip_plata%ROWTYPE;
    TYPE index_by_table_tip_plata IS TABLE OF tip_plata%ROWTYPE INDEX BY PLS_INTEGER;

    v_varray varray_tip_plata;
    v_nested_table nested_table_tip_plata;
    v_index_by_table index_by_table_tip_plata;

    CURSOR c_tip_plata IS
        SELECT * FROM tip_plata;

    l_start_time NUMBER;
    l_end_time NUMBER;
    l_total_time NUMBER := 0;
    l_runs NUMBER := 10000;
    l_avg_time NUMBER;
BEGIN
    FOR run_counter IN 1..l_runs LOOP
        l_start_time := DBMS_UTILITY.GET_TIME;

        v_index_by_table := index_by_table_tip_plata();
        DECLARE
            idx PLS_INTEGER := 0;
        BEGIN
            FOR rec IN c_tip_plata LOOP
                idx := idx + 1;
                v_index_by_table(idx) := rec;
            END LOOP;
        END;

        l_end_time := DBMS_UTILITY.GET_TIME;
        l_total_time := l_total_time + (l_end_time - l_start_time);
    END LOOP;
    l_avg_time := (l_total_time / l_runs) / 100;
    DBMS_OUTPUT.PUT_LINE('Indexed By Table - Numar teste: ' || l_runs);
    DBMS_OUTPUT.PUT_LINE('Indexed By Table - Timp mediu de executie: ' || l_avg_time || ' secunde');
end;
/


-- test facturi
begin
DBMS_OUTPUT.PUT_LINE('--- Test facturi ---');
end;
/

--vararray test
DECLARE
    TYPE varray_facturi IS VARRAY(200) OF facturi%ROWTYPE;
    TYPE nested_table_facturi IS TABLE OF facturi%ROWTYPE;
    TYPE index_by_table_facturi IS TABLE OF facturi%ROWTYPE INDEX BY PLS_INTEGER;

    v_varray varray_facturi;
    v_nested_table nested_table_facturi;
    v_index_by_table index_by_table_facturi;

    CURSOR c_facturi IS
        SELECT * FROM facturi;

    l_start_time NUMBER;
    l_end_time NUMBER;
    l_total_time NUMBER := 0;
    l_runs NUMBER := 10000;
    l_avg_time NUMBER;
BEGIN
    FOR run_counter IN 1..l_runs LOOP
        l_start_time := DBMS_UTILITY.GET_TIME;

        v_varray := varray_facturi();
        FOR rec IN c_facturi LOOP
            v_varray.EXTEND;
            v_varray(v_varray.COUNT) := rec;
        END LOOP;

        l_end_time := DBMS_UTILITY.GET_TIME;
        l_total_time := l_total_time + (l_end_time - l_start_time);
    END LOOP;
    l_avg_time := (l_total_time / l_runs) / 100;
    DBMS_OUTPUT.PUT_LINE('VARRAY - Numar teste: ' || l_runs);
    DBMS_OUTPUT.PUT_LINE('VARRAY - Timp mediu de executie: ' || l_avg_time || ' secunde');
end;
/

--nested table test

DECLARE
    TYPE varray_facturi IS VARRAY(100) OF facturi%ROWTYPE;
    TYPE nested_table_facturi IS TABLE OF facturi%ROWTYPE;
    TYPE index_by_table_facturi IS TABLE OF facturi%ROWTYPE INDEX BY PLS_INTEGER;

    v_varray varray_facturi;
    v_nested_table nested_table_facturi;
    v_index_by_table index_by_table_facturi;

    CURSOR c_facturi IS
        SELECT * FROM facturi;

    l_start_time NUMBER;
    l_end_time NUMBER;
    l_total_time NUMBER := 0;
    l_runs NUMBER := 10000;
    l_avg_time NUMBER;
BEGIN
    FOR run_counter IN 1..l_runs LOOP
        l_start_time := DBMS_UTILITY.GET_TIME;

        v_nested_table := nested_table_facturi();
        FOR rec IN c_facturi LOOP
            v_nested_table.EXTEND;
            v_nested_table(v_nested_table.COUNT) := rec;
        END LOOP;

        l_end_time := DBMS_UTILITY.GET_TIME;
        l_total_time := l_total_time + (l_end_time - l_start_time);
    END LOOP;
    l_avg_time := (l_total_time / l_runs) / 100;
    DBMS_OUTPUT.PUT_LINE('Nested Table - Numar teste: ' || l_runs);
    DBMS_OUTPUT.PUT_LINE('Nested Table - Timp mediu de executie: ' || l_avg_time || ' secunde');
end;
/


-- indexed by table test
DECLARE
    TYPE varray_facturi IS VARRAY(200) OF facturi%ROWTYPE;
    TYPE nested_table_facturi IS TABLE OF facturi%ROWTYPE;
    TYPE index_by_table_facturi IS TABLE OF facturi%ROWTYPE INDEX BY PLS_INTEGER;

    v_varray varray_facturi;
    v_nested_table nested_table_facturi;
    v_index_by_table index_by_table_facturi;

    CURSOR c_facturi IS
        SELECT * FROM facturi;

    l_start_time NUMBER;
    l_end_time NUMBER;
    l_total_time NUMBER := 0;
    l_runs NUMBER := 10000;
    l_avg_time NUMBER;
BEGIN
    FOR run_counter IN 1..l_runs LOOP
        l_start_time := DBMS_UTILITY.GET_TIME;

        v_index_by_table := index_by_table_facturi();
        DECLARE
            idx PLS_INTEGER := 0;
        BEGIN
            FOR rec IN c_facturi LOOP
                idx := idx + 1;
                v_index_by_table(idx) := rec;
            END LOOP;
        END;

        l_end_time := DBMS_UTILITY.GET_TIME;
        l_total_time := l_total_time + (l_end_time - l_start_time);
    END LOOP;
    l_avg_time := (l_total_time / l_runs) / 100;
    DBMS_OUTPUT.PUT_LINE('Indexed By Table - Numar teste: ' || l_runs);
    DBMS_OUTPUT.PUT_LINE('Indexed By Table - Timp mediu de executie: ' || l_avg_time || ' secunde');
end;
/






-- Create simple dummy table
CREATE TABLE dummy_table (
    id NUMBER,
    name VARCHAR2(100),
    value NUMBER
);

-- Insert 10,000 records
BEGIN
    FOR i IN 1..10000 LOOP
        INSERT INTO dummy_table VALUES (
            i,                              -- id (sequential)
            'Name_' || i,                   -- name
            ROUND(DBMS_RANDOM.VALUE(1,1000)) -- random value between 1-1000
        );
    END LOOP;
    COMMIT;
END;
/

-- Verify the data
SELECT COUNT(*) AS total_records FROM dummy_table;
SELECT * FROM dummy_table WHERE ROWNUM <= 10;

--test dummy_table

begin
DBMS_OUTPUT.PUT_LINE('--- Test dummy_table ---');
end;
/

--vararray test
DECLARE
    TYPE varray_dummy_table IS VARRAY(10001) OF dummy_table%ROWTYPE;
    TYPE nested_table_dummy_table IS TABLE OF dummy_table%ROWTYPE;
    TYPE index_by_table_dummy_table IS TABLE OF dummy_table%ROWTYPE INDEX BY PLS_INTEGER;

    v_varray varray_dummy_table;
    v_nested_table nested_table_dummy_table;
    v_index_by_table index_by_table_dummy_table;

    CURSOR c_dummy_table IS
        SELECT * FROM dummy_table;

    l_start_time NUMBER;
    l_end_time NUMBER;
    l_total_time NUMBER := 0;
    l_runs NUMBER := 10000;
    l_avg_time NUMBER;
BEGIN
    FOR run_counter IN 1..l_runs LOOP
        l_start_time := DBMS_UTILITY.GET_TIME;

        v_varray := varray_dummy_table();
        FOR rec IN c_dummy_table LOOP
            v_varray.EXTEND;
            v_varray(v_varray.COUNT) := rec;
        END LOOP;

        l_end_time := DBMS_UTILITY.GET_TIME;
        l_total_time := l_total_time + (l_end_time - l_start_time);
    END LOOP;
    l_avg_time := (l_total_time / l_runs) / 100;
    DBMS_OUTPUT.PUT_LINE('VARRAY - Numar teste: ' || l_runs);
    DBMS_OUTPUT.PUT_LINE('VARRAY - Timp mediu de executie: ' || l_avg_time || ' secunde');
end;
/

--nested table test

DECLARE
    TYPE varray_dummy_table IS VARRAY(100) OF dummy_table%ROWTYPE;
    TYPE nested_table_dummy_table IS TABLE OF dummy_table%ROWTYPE;
    TYPE index_by_table_dummy_table IS TABLE OF dummy_table%ROWTYPE INDEX BY PLS_INTEGER;

    v_varray varray_dummy_table;
    v_nested_table nested_table_dummy_table;
    v_index_by_table index_by_table_dummy_table;

    CURSOR c_dummy_table IS
        SELECT * FROM dummy_table;

    l_start_time NUMBER;
    l_end_time NUMBER;
    l_total_time NUMBER := 0;
    l_runs NUMBER := 10000;
    l_avg_time NUMBER;
BEGIN
    FOR run_counter IN 1..l_runs LOOP
        l_start_time := DBMS_UTILITY.GET_TIME;

        v_nested_table := nested_table_dummy_table();
        FOR rec IN c_dummy_table LOOP
            v_nested_table.EXTEND;
            v_nested_table(v_nested_table.COUNT) := rec;
        END LOOP;

        l_end_time := DBMS_UTILITY.GET_TIME;
        l_total_time := l_total_time + (l_end_time - l_start_time);
    END LOOP;
    l_avg_time := (l_total_time / l_runs) / 100;
    DBMS_OUTPUT.PUT_LINE('Nested Table - Numar teste: ' || l_runs);
    DBMS_OUTPUT.PUT_LINE('Nested Table - Timp mediu de executie: ' || l_avg_time || ' secunde');
end;
/


-- indexed by table test
DECLARE
    TYPE varray_dummy_table IS VARRAY(100) OF dummy_table%ROWTYPE;
    TYPE nested_table_dummy_table IS TABLE OF dummy_table%ROWTYPE;
    TYPE index_by_table_dummy_table IS TABLE OF dummy_table%ROWTYPE INDEX BY PLS_INTEGER;

    v_varray varray_dummy_table;
    v_nested_table nested_table_dummy_table;
    v_index_by_table index_by_table_dummy_table;

    CURSOR c_dummy_table IS
        SELECT * FROM dummy_table;

    l_start_time NUMBER;
    l_end_time NUMBER;
    l_total_time NUMBER := 0;
    l_runs NUMBER := 10000;
    l_avg_time NUMBER;
BEGIN
    FOR run_counter IN 1..l_runs LOOP
        l_start_time := DBMS_UTILITY.GET_TIME;

        v_index_by_table := index_by_table_dummy_table();
        DECLARE
            idx PLS_INTEGER := 0;
        BEGIN
            FOR rec IN c_dummy_table LOOP
                idx := idx + 1;
                v_index_by_table(idx) := rec;
            END LOOP;
        END;

        l_end_time := DBMS_UTILITY.GET_TIME;
        l_total_time := l_total_time + (l_end_time - l_start_time);
    END LOOP;
    l_avg_time := (l_total_time / l_runs) / 100;
    DBMS_OUTPUT.PUT_LINE('Indexed By Table - Numar teste: ' || l_runs);
    DBMS_OUTPUT.PUT_LINE('Indexed By Table - Timp mediu de executie: ' || l_avg_time || ' secunde');
end;
/


--5.5 sau 5.6 care e mai rapid

--5.5

DECLARE 
  CURSOR c IS                              
    SELECT * 
    FROM   categorii  
    WHERE  id_parinte IS NULL;      
  v_categorii categorii%ROWTYPE;
  l_start_time NUMBER;
  l_end_time NUMBER;
  l_total_time NUMBER := 0;
  l_runs NUMBER := 10000;
  l_avg_time NUMBER;  
 
BEGIN   
    FOR run_counter IN 1..l_runs LOOP
        l_start_time := DBMS_UTILITY.GET_TIME;
    
        OPEN c; 
        FETCH c INTO v_categorii; 
        WHILE c%FOUND LOOP 
            DBMS_OUTPUT.PUT_LINE(v_categorii.id_categorie || ' ' || 
            v_categorii.denumire); 
            FETCH c INTO v_categorii; 
        END LOOP;  
        CLOSE c; 

        l_end_time := DBMS_UTILITY.GET_TIME;
        l_total_time := l_total_time + (l_end_time - l_start_time);
    END LOOP;
    l_avg_time := (l_total_time / l_runs) / 100;
    DBMS_OUTPUT.PUT_LINE('Numar teste 5.5: ' || l_runs);
    DBMS_OUTPUT.PUT_LINE('Timp mediu de executie 5.5: ' || l_avg_time || ' secunde');

END; 
/ 

--5.6

DECLARE 
  TYPE tab_imb IS TABLE OF categorii%ROWTYPE; 
  v_categorii tab_imb; 
  l_start_time NUMBER;
  l_end_time NUMBER;
  l_total_time NUMBER := 0;
  l_runs NUMBER := 10000;
  l_avg_time NUMBER;  
   
  CURSOR c IS                              
    SELECT * FROM   categorii  
    WHERE  id_parinte IS NULL;        
 
BEGIN   
    FOR run_counter IN 1..l_runs LOOP
        l_start_time := DBMS_UTILITY.GET_TIME;
    
        OPEN c; 
        FETCH c BULK COLLECT INTO v_categorii; 
        CLOSE c; 
        FOR i IN 1..v_categorii.LAST LOOP 
            DBMS_OUTPUT.PUT_LINE(v_categorii(i).id_categorie || ' ' 
            || v_categorii(i).denumire);  
        end loop;
        l_end_time := DBMS_UTILITY.GET_TIME;
        l_total_time := l_total_time + (l_end_time - l_start_time);
    END LOOP;
    l_avg_time := (l_total_time / l_runs) / 100;
    DBMS_OUTPUT.PUT_LINE('Numar teste 5.6: ' || l_runs);
    DBMS_OUTPUT.PUT_LINE('Timp mediu de executie 5.6: ' || l_avg_time || ' secunde');

END; 
/

-- 5.7

spool output_5_7.txt

DECLARE 
  TYPE tab_imb IS TABLE OF produse.denumire%TYPE; 
  v_produse tab_imb; 
  v_denumire produse.denumire%TYPE;   

  CURSOR c1 IS                              
    SELECT denumire 
    FROM   produse 
    WHERE ROWNUM <=10; 
     
  CURSOR c2 IS                              
    SELECT denumire 
    FROM   produse;  
     
BEGIN   
    dbms_output.put_line('--- Fetch Exit When ---');
  for i in 1..10 loop
  OPEN c1; 
  LOOP 
    FETCH c1 INTO v_denumire; 
    EXIT WHEN c1%NOTFOUND; 
    DBMS_OUTPUT.PUT_LINE(v_denumire); 
  END LOOP;   
  CLOSE c1; 
   
  DBMS_OUTPUT.PUT_LINE('----------------------'); 
    END LOOP;
   dbms_output.put_line('--- Bulk Collect Cu Limita ---');
   for i in 1..10 loop
  OPEN c2; 
  FETCH c2 BULK COLLECT INTO v_produse LIMIT 10;  
  CLOSE c2; 
  FOR i IN 1..v_produse.LAST LOOP 
     DBMS_OUTPUT.PUT_LINE(v_produse(i)); 
  END LOOP;   
    DBMS_OUTPUT.PUT_LINE('----------------------'); 
  end LOOP;
  dbms_output.put_line('--- Fetch Exit When ---');
  for i in 1..10 loop
  OPEN c1; 
  LOOP 
    FETCH c1 INTO v_denumire; 
    EXIT WHEN c1%NOTFOUND; 
    DBMS_OUTPUT.PUT_LINE(v_denumire); 
  END LOOP;   
  CLOSE c1; 
   
  DBMS_OUTPUT.PUT_LINE('----------------------'); 
    END LOOP;
   dbms_output.put_line('--- Bulk Collect Cu Limita ---');
   for i in 1..10 loop
  OPEN c2; 
  FETCH c2 BULK COLLECT INTO v_produse LIMIT 10;  
  CLOSE c2; 
  FOR i IN 1..v_produse.LAST LOOP 
     DBMS_OUTPUT.PUT_LINE(v_produse(i)); 
  END LOOP;   
    DBMS_OUTPUT.PUT_LINE('----------------------'); 
  end LOOP;
END;  
/ 

spool off

--5.14

DECLARE 
   TYPE tip_cursor IS REF CURSOR RETURN produse%ROWTYPE; 
   c tip_cursor; 
 
   v_optiune NUMBER(1) := &p_optiune; 
   i produse%ROWTYPE; 
   l_start_time NUMBER;
   l_end_time NUMBER;
   l_total_time NUMBER := 0;
 
BEGIN 
    for run_counter IN 1..1000 LOOP
   IF v_optiune = 1 THEN  
     l_start_time := DBMS_UTILITY.GET_TIME;
     OPEN c FOR  
     SELECT *  
     FROM  produse p 
     WHERE EXISTS (SELECT 1  
                   FROM   facturi_produse pf, facturi f 
                   WHERE  p.id_produs = pf.id_produs 
                   AND    pf.id_factura = f.id_factura 
                   AND    TO_CHAR(data,'q') = 1); 
     
    ELSIF v_optiune = 2 THEN 
      l_start_time := DBMS_UTILITY.GET_TIME;
      OPEN c FOR  
      SELECT *  
      FROM  produse p 
      WHERE id_produs IN  
                    (SELECT id_produs  
                     FROM   facturi_produse pf, facturi f 
                     WHERE  pf.id_factura = f.id_factura 
                     AND    TO_CHAR(data,'q') = 2); 
     
    ELSIF v_optiune = 3 THEN 
        l_start_time := DBMS_UTILITY.GET_TIME;
      OPEN c FOR 
      SELECT DISTINCT p.*  
      FROM  produse p, facturi_produse pf, facturi f 
      WHERE p.id_produs = pf.id_produs 
      AND   pf.id_factura = f.id_factura 
      AND   TO_CHAR(data,'q') = 3;                  
     
    ELSE  
    l_start_time := DBMS_UTILITY.GET_TIME;
      OPEN c FOR  
      SELECT *  
      FROM  produse p 
      WHERE id_produs IN (SELECT id_produs  
                          FROM   facturi_produse);   
   END IF; 
   l_end_time := DBMS_UTILITY.GET_TIME;
   l_total_time := l_total_time + (l_end_time - l_start_time);
    end loop;
    DBMS_OUTPUT.PUT_LINE('Timp de deschidere cursor pentru '|| v_optiune || ':' ||  (l_total_time)/1000 || ' secunde');
    
--   LOOP 
--    FETCH c INTO i; 
--    EXIT WHEN c%NOTFOUND; 
--    DBMS_OUTPUT.PUT_LINE(i.id_produs||' ' ||i.denumire); 
 
--   END LOOP; 
--   DBMS_OUTPUT.PUT_LINE('Nr produse vandute: '|| 
--                         c%ROWCOUNT); 
  CLOSE c;  
END;  
/ 

--6.1.1

-- 6.1.1 rezolvam triggeri cu pragma autonomous_transaction (pt proiect)

CREATE OR REPLACE PROCEDURE proc_ex1  
(v_value dummy_table.value%TYPE, v_procent NUMBER)  
AS 
BEGIN 
UPDATE  dummy_table
SET     value = 
            value * v_procent + value
WHERE   value = v_value; 
EXCEPTION 
WHEN NO_DATA_FOUND THEN 
RAISE_APPLICATION_ERROR (-20000,'Nu exista produsul'); 

END;


--
CREATE OR REPLACE PROCEDURE proc_ex1  
(v_value dummy_table.value%TYPE, v_procent NUMBER)  
AS 
    PRAGMA AUTONOMOUS_TRANSACTION;
    v_row_count NUMBER;
    v_message VARCHAR2(400);
    v_error_msg VARCHAR2(400); -- var pt msg de eroare
BEGIN 
    v_message := 'Procedura a inceput pentru v_value=' || v_value || ', procent=' || v_procent;
    INSERT INTO proc_log(procedure_name, message) VALUES ('PROC_EX1', v_message);
    COMMIT;
    
    UPDATE dummy_table
    SET value = value * (1 + v_procent/100)
    WHERE value = v_value;
    
    v_row_count := SQL%ROWCOUNT;
    
    IF v_row_count > 0 THEN
        v_message := 'Update realizat cu succes pentru ' || v_row_count || ' randuri';
    ELSE
        v_message := 'Nu exista randuri cu valoarea ' || v_value;
        INSERT INTO proc_log(procedure_name, message) VALUES ('PROC_EX1', v_message);
        COMMIT;
        RAISE_APPLICATION_ERROR(-20000, v_message);
    END IF;
    
    INSERT INTO proc_log(procedure_name, message) VALUES ('PROC_EX1', v_message);
    COMMIT;
    
EXCEPTION 
    WHEN OTHERS THEN
        v_error_msg := SQLERRM;
        
        INSERT INTO proc_log(procedure_name, message) 
        VALUES ('PROC_EX1', 'Eroare: ' || v_error_msg);
        COMMIT;
        
        RAISE_APPLICATION_ERROR(-20001, v_error_msg);
END;
/

--parametru IN tip_de_date {:= | DEFAULT} expresie   
--| { OUT | IN OUT }[NOCOPY] tip_de_date facem colectie mare si testam cele 2 chestii



CREATE OR REPLACE TYPE tab_numere IS TABLE OF NUMBER;
/

CREATE OR REPLACE TYPE tab_varchar IS TABLE OF VARCHAR2(100);
/

-- solutia 1: Cu cursor FOR UPDATE
CREATE OR REPLACE PROCEDURE solutia_cursor (
    p_nume_cautat IN dummy_table.name%TYPE DEFAULT '%',
    p_factor_modificare IN NUMBER DEFAULT 1,
    p_id_gasite OUT tab_numere,
    p_nume_modificate OUT tab_varchar,
    p_timp_executie OUT NUMBER
) AS
    v_start_time TIMESTAMP;
    v_end_time TIMESTAMP;
    CURSOR c_date IS
        SELECT id, name
        FROM dummy_table
        WHERE name LIKE p_nume_cautat
        FOR UPDATE;
BEGIN
    v_start_time := SYSTIMESTAMP;
    
    p_id_gasite := tab_numere();
    p_nume_modificate := tab_varchar();
    
    FOR rec IN c_date LOOP
        UPDATE dummy_table
        SET value = value * p_factor_modificare
        WHERE CURRENT OF c_date;
        
        p_id_gasite.EXTEND;
        p_id_gasite(p_id_gasite.COUNT) := rec.id;
        
        p_nume_modificate.EXTEND;
        p_nume_modificate(p_nume_modificate.COUNT) := rec.name;
    END LOOP;
    
    v_end_time := SYSTIMESTAMP;
    p_timp_executie := EXTRACT(SECOND FROM (v_end_time - v_start_time)) * 1000; 
    
EXCEPTION
    WHEN OTHERS THEN
        p_timp_executie := -1; 
        RAISE;
END solutia_cursor;
/

-- solutia 2: Cu BULK COLLECT și FORALL 
CREATE OR REPLACE PROCEDURE solutia_forall (
    p_nume_cautat IN dummy_table.name%TYPE DEFAULT '%',
    p_factor_modificare IN NUMBER DEFAULT 1,
    p_id_gasite OUT tab_numere,
    p_nume_modificate OUT tab_varchar,
    p_timp_executie OUT NUMBER
) AS
    v_start_time TIMESTAMP;
    v_end_time TIMESTAMP;
    
    TYPE tab_id IS TABLE OF dummy_table.id%TYPE;
    TYPE tab_name IS TABLE OF dummy_table.name%TYPE;
    TYPE tab_value IS TABLE OF dummy_table.value%TYPE;
    
    v_ids tab_id;
    v_names tab_name;
    v_values tab_value;
    v_values_new tab_value;
BEGIN
    v_start_time := SYSTIMESTAMP;
    
    SELECT id, name, value
    BULK COLLECT INTO v_ids, v_names, v_values
    FROM dummy_table
    WHERE name LIKE p_nume_cautat;
    
    v_values_new := tab_value();
    v_values_new.EXTEND(v_ids.COUNT);
    
    FOR i IN 1..v_ids.COUNT LOOP
        v_values_new(i) := v_values(i) * p_factor_modificare;
    END LOOP;
    
    FORALL i IN 1..v_ids.COUNT
        UPDATE dummy_table
        SET value = v_values_new(i)
        WHERE id = v_ids(i);

    p_id_gasite := tab_numere();
    p_nume_modificate := tab_varchar();
    
    p_id_gasite.EXTEND(v_ids.COUNT);
    p_nume_modificate.EXTEND(v_ids.COUNT);
    
    FOR i IN 1..v_ids.COUNT LOOP
        p_id_gasite(i) := v_ids(i);
        p_nume_modificate(i) := v_names(i);
    END LOOP;
    
    v_end_time := SYSTIMESTAMP;
    p_timp_executie := EXTRACT(SECOND FROM (v_end_time - v_start_time)) * 1000; 
    
EXCEPTION
    WHEN OTHERS THEN
        p_timp_executie := -1;
        RAISE;
END solutia_forall;
/

-- solutia 3: simplă cu buclă FOR
CREATE OR REPLACE PROCEDURE solutia_simpla (
    p_nume_cautat IN dummy_table.name%TYPE DEFAULT '%',
    p_factor_modificare IN NUMBER DEFAULT 1,
    p_id_gasite OUT tab_numere,
    p_nume_modificate OUT tab_varchar,
    p_timp_executie OUT NUMBER
) AS
    v_start_time TIMESTAMP;
    v_end_time TIMESTAMP;
BEGIN
    v_start_time := SYSTIMESTAMP;

    SELECT id BULK COLLECT INTO p_id_gasite
    FROM dummy_table
    WHERE name LIKE p_nume_cautat;
    
    SELECT name BULK COLLECT INTO p_nume_modificate
    FROM dummy_table
    WHERE name LIKE p_nume_cautat
    ORDER BY id;
    
    FOR i IN 1..p_id_gasite.COUNT LOOP
        UPDATE dummy_table
        SET value = value * p_factor_modificare
        WHERE id = p_id_gasite(i);
    END LOOP;
    
    v_end_time := SYSTIMESTAMP;
    p_timp_executie := EXTRACT(SECOND FROM (v_end_time - v_start_time)) * 1000; 
    
EXCEPTION
    WHEN OTHERS THEN
        p_timp_executie := -1; 
        RAISE;
END solutia_simpla;
/

-- procedura principală care testeaza solutiile
CREATE OR REPLACE PROCEDURE test_performanta_solutii (
    p_num_iteratii IN NUMBER DEFAULT 5
) AS
    v_timp_cursor_total NUMBER := 0;
    v_timp_forall_total NUMBER := 0;
    v_timp_simpla_total NUMBER := 0;
    
    v_timp_cursor NUMBER;
    v_timp_forall NUMBER;
    v_timp_simpla NUMBER;
    
    v_ids_cursor tab_numere;
    v_ids_forall tab_numere;
    v_ids_simpla tab_numere;
    
    v_nume_cursor tab_varchar;
    v_nume_forall tab_varchar;
    v_nume_simpla tab_varchar;
    
    v_iteratie NUMBER;
BEGIN
    DBMS_OUTPUT.PUT_LINE('TEST PERFORMANTA SOLUTII PROCESSARE DUMMY_TABLE');
    DBMS_OUTPUT.PUT_LINE('Numar iteratii: ' || p_num_iteratii);
    DBMS_OUTPUT.PUT_LINE('');
    

    

    FOR v_iteratie IN 1..p_num_iteratii LOOP
        
        -- Test 1: Cursor FOR UPDATE
        solutia_cursor(
            p_nume_cautat => 'Test%',
            p_factor_modificare => 1.1,
            p_id_gasite => v_ids_cursor,
            p_nume_modificate => v_nume_cursor,
            p_timp_executie => v_timp_cursor
        );
        v_timp_cursor_total := v_timp_cursor_total + v_timp_cursor;
        DBMS_OUTPUT.PUT_LINE('Solutia CURSOR: ' || ROUND(v_timp_cursor, 2) || ' ms');
        UPDATE dummy_table SET value = value / 1.1 WHERE name LIKE 'Test%';
        
        -- Test 2: FORALL
        solutia_forall(
            p_nume_cautat => 'Test%',
            p_factor_modificare => 1.1,
            p_id_gasite => v_ids_forall,
            p_nume_modificate => v_nume_forall,
            p_timp_executie => v_timp_forall
        );
        v_timp_forall_total := v_timp_forall_total + v_timp_forall;
        DBMS_OUTPUT.PUT_LINE('Solutia FORALL:  ' || ROUND(v_timp_forall, 2) || ' ms');
        UPDATE dummy_table SET value = value / 1.1 WHERE name LIKE 'Test%';
        
        -- Test 3: Simplă cu buclă FOR
        solutia_simpla(
            p_nume_cautat => 'Test%',
            p_factor_modificare => 1.1,
            p_id_gasite => v_ids_simpla,
            p_nume_modificate => v_nume_simpla,
            p_timp_executie => v_timp_simpla
        );
        v_timp_simpla_total := v_timp_simpla_total + v_timp_simpla;
        DBMS_OUTPUT.PUT_LINE('Solutia SIMPLA:  ' || ROUND(v_timp_simpla, 2) || ' ms');
        
        DBMS_OUTPUT.PUT_LINE('');
    END LOOP;
    
    
    DBMS_OUTPUT.PUT_LINE('Solutia CURSOR: ' || ROUND(v_timp_cursor_total / p_num_iteratii, 2) || ' ms (medie)');
    DBMS_OUTPUT.PUT_LINE('Solutia FORALL:  ' || ROUND(v_timp_forall_total / p_num_iteratii, 2) || ' ms (medie)');
    DBMS_OUTPUT.PUT_LINE('Solutia SIMPLA:  ' || ROUND(v_timp_simpla_total / p_num_iteratii, 2) || ' ms (medie)');
    DBMS_OUTPUT.PUT_LINE('');
    
    
    DECLARE
        v_min_timp NUMBER;
        v_winner VARCHAR2(50);
    BEGIN
        v_min_timp := LEAST(
            v_timp_cursor_total / p_num_iteratii,
            v_timp_forall_total / p_num_iteratii,
            v_timp_simpla_total / p_num_iteratii
        );
        
        IF v_min_timp = v_timp_cursor_total / p_num_iteratii THEN
            v_winner := 'CURSOR';
        ELSIF v_min_timp = v_timp_forall_total / p_num_iteratii THEN
            v_winner := 'FORALL';
        ELSE
            v_winner := 'SIMPLA';
        END IF; 

    END;
    
    
EXCEPTION
    WHEN OTHERS THEN
        DBMS_OUTPUT.PUT_LINE('Eroare in test_performanta_solutii: ' || SQLERRM);
        ROLLBACK;
        RAISE;
END test_performanta_solutii;
/

BEGIN
    DBMS_OUTPUT.ENABLE(1000000);
    
    test_performanta_solutii(p_num_iteratii => 10000); 

    COMMIT;
    
    
EXCEPTION
    WHEN OTHERS THEN
        DBMS_OUTPUT.PUT_LINE('Eroare: ' || SQLERRM);
        ROLLBACK;
END;
/


--7.3 testare toate pachetele predefinite (folosind emp_sro din lab)

--DBMS_OUTPUT 

DECLARE
    CURSOR c_comision IS
        SELECT first_name, last_name, salary, commission_pct
        FROM emp_sro
        WHERE commission_pct IS NOT NULL
        ORDER BY salary DESC;
BEGIN
    DBMS_OUTPUT.PUT_LINE('--- Angajati cu comision (' || SYSDATE || ') ---');
    DBMS_OUTPUT.PUT_LINE(RPAD('Nume', 20) || RPAD('Salariu', 15) || 'Comision');
    DBMS_OUTPUT.PUT_LINE(RPAD('-', 45, '-'));

    FOR rec IN c_comision LOOP
        DBMS_OUTPUT.PUT_LINE(
            RPAD(rec.first_name || ' ' || rec.last_name, 20) || 
            RPAD(TO_CHAR(rec.salary, '99,999'), 15) || 
            TO_CHAR(rec.commission_pct * 100) || '%'
        );
    END LOOP;
    
    DBMS_OUTPUT.PUT_LINE(RPAD('-', 45, '-'));
EXCEPTION
    WHEN OTHERS THEN
        DBMS_OUTPUT.PUT_LINE('Eroare: ' || SQLERRM);
END;
/

--DBMS_JOB

CREATE OR REPLACE PROCEDURE p_marire_salariu_id (
    p_id_angajat IN emp_sro.employee_id%TYPE,
    p_valoare IN NUMBER
)
IS
BEGIN
    UPDATE emp_sro
    SET salary = salary + p_valoare
    WHERE employee_id = p_id_angajat;
    COMMIT;
EXCEPTION
    WHEN OTHERS THEN
        NULL;
END;
/
VARIABLE job_num NUMBER;
SET SERVEROUTPUT ON;

BEGIN
    DBMS_JOB.SUBMIT(
        job         => :job_num,                                  
        what        => 'p_marire_salariu_id(206, 500);',          
        next_date   => SYSDATE + (1 / 1440),                      
        interval    => 'NULL'                                    
    );
    COMMIT;
    DBMS_OUTPUT.PUT_LINE('Job planificat cu succes. ID Job: ' || :job_num);
END;
/

--UTL_FILE

CREATE OR REPLACE PROCEDURE p_write_dept_50_to_file
IS
    v_file_handle UTL_FILE.FILE_TYPE;   
    v_nume_fisier CONSTANT VARCHAR2(30) := 'dept50_report.txt';
    v_locatie CONSTANT VARCHAR2(30) := 'Test_Curs';
BEGIN
    v_file_handle := UTL_FILE.FOPEN(v_locatie, v_nume_fisier, 'w');
    
    UTL_FILE.PUT_LINE(v_file_handle, 'Raport Angajati Departament 50');
    
    FOR rec IN (SELECT last_name, job_id, salary FROM emp_sro WHERE department_id = 50 ORDER BY last_name)
    LOOP
        UTL_FILE.PUT_LINE(v_file_handle, RPAD(rec.last_name, 20) || ' | ' || RPAD(rec.job_id, 10) || ' | ' || TO_CHAR(rec.salary));
    END LOOP;
    
    UTL_FILE.FCLOSE(v_file_handle);
    DBMS_OUTPUT.PUT_LINE('Fisierul ' || v_nume_fisier || ' a fost scris cu succes in ' || v_locatie);

EXCEPTION
    WHEN UTL_FILE.INVALID_PATH THEN
        DBMS_OUTPUT.PUT_LINE('Eroare UTL_FILE: Locatie invalida.'); 
    WHEN UTL_FILE.WRITE_ERROR THEN
        DBMS_OUTPUT.PUT_LINE('Eroare UTL_FILE: Eroare la scrierea in fisier.'); 
    WHEN OTHERS THEN
        IF UTL_FILE.IS_OPEN(v_file_handle) THEN
            UTL_FILE.FCLOSE(v_file_handle);
        END IF;
        DBMS_OUTPUT.PUT_LINE('Eroare necunoscuta: ' || SQLERRM);
END;
/

--triggeri pe tablouri imbricate
set serveroutput on;

CREATE OR REPLACE TYPE t_bonus_sro AS OBJECT (
    data_acordare DATE,
    suma          NUMBER(10, 2),
    descriere     VARCHAR2(100)
);
/

CREATE OR REPLACE TYPE t_tablou_bonusuri AS TABLE OF t_bonus_sro;
/

ALTER TABLE emp_sro 
ADD (istoric_bonusuri t_tablou_bonusuri)
NESTED TABLE istoric_bonusuri STORE AS emp_bonusuri_storage_tbl;
/

CREATE OR REPLACE TRIGGER trg_gestiune_bonusuri
BEFORE INSERT OR UPDATE ON emp_sro
FOR EACH ROW
BEGIN
    IF :NEW.istoric_bonusuri IS NOT NULL THEN
        
        FOR i IN 1 .. :NEW.istoric_bonusuri.COUNT LOOP
            
            IF :NEW.istoric_bonusuri(i).suma <= 0 THEN
                 RAISE_APPLICATION_ERROR(-20001, 'Eroare: Suma bonusului de la pozitia ' || i || ' trebuie sa fie pozitiva!');
            END IF;
            IF :NEW.istoric_bonusuri(i).descriere IS NULL THEN
                :NEW.istoric_bonusuri(i).descriere := 'BONUS STANDARD';
            ELSE
                :NEW.istoric_bonusuri(i).descriere := UPPER(:NEW.istoric_bonusuri(i).descriere);
            END IF;
            IF :NEW.istoric_bonusuri(i).data_acordare IS NULL THEN
                :NEW.istoric_bonusuri(i).data_acordare := SYSDATE;
            END IF;
            
        END LOOP;
    END IF;
END;
/

--test 1
UPDATE emp_sro
SET istoric_bonusuri = t_tablou_bonusuri(
    t_bonus_sro(SYSDATE, 5000, 'performanta exceptionala'), 
    t_bonus_sro(NULL, 1000, NULL)                           
)
WHERE employee_id = 100;

SELECT t.descriere, t.data_acordare FROM emp_sro e, TABLE(e.istoric_bonusuri) t 
WHERE e.employee_id = 100;


--test2
UPDATE emp_sro
SET istoric_bonusuri = t_tablou_bonusuri(
    t_bonus_sro(SYSDATE, -50, 'Test Eroare')
)
WHERE employee_id = 101;


--8.3 - care din cele 4 variante eeste mai rapida


BEGIN
    BEGIN
        EXECUTE IMMEDIATE 'DROP TABLE case_test';
    EXCEPTION
        WHEN OTHERS THEN NULL;
    END;
    
    EXECUTE IMMEDIATE 'CREATE TABLE case_test (id NUMBER, serie VARCHAR2(50))';
    EXECUTE IMMEDIATE 'INSERT INTO case_test VALUES (1, ''SERIE_VECHE'')';
    COMMIT;
END;
/

CREATE OR REPLACE PROCEDURE proc_test_bench IS
BEGIN
  NULL; 
END;
/

DECLARE
    v_start_time NUMBER;
    v_end_time   NUMBER;
    v_iterations NUMBER := 1000000; 
BEGIN
    DBMS_OUTPUT.PUT_LINE('--- INCEPERE TEST DE PERFORMANTA ---');

    EXECUTE IMMEDIATE '
        CREATE OR REPLACE TRIGGER trig_bench_v1
        BEFORE UPDATE OF serie ON case_test
        FOR EACH ROW
        WHEN (NEW.serie <> OLD.serie)
        BEGIN
            NULL; 
        END;';
    
    v_start_time := DBMS_UTILITY.GET_TIME;
    
    FOR i IN 1..v_iterations LOOP
        UPDATE case_test SET serie = 'SERIE_' || i WHERE id = 1;
    END LOOP;
    
    v_end_time := DBMS_UTILITY.GET_TIME;
    DBMS_OUTPUT.PUT_LINE('Varianta 1 (Inline + WHEN): ' || (v_end_time - v_start_time));

    EXECUTE IMMEDIATE '
        CREATE OR REPLACE TRIGGER trig_bench_v2
        BEFORE UPDATE OF serie ON case_test
        FOR EACH ROW
        WHEN (NEW.serie <> OLD.serie)
        BEGIN
            proc_test_bench;
        END;';
        
    v_start_time := DBMS_UTILITY.GET_TIME;
    FOR i IN 1..v_iterations LOOP
        UPDATE case_test SET serie = 'SERIE_' || i WHERE id = 1;
    END LOOP;
    v_end_time := DBMS_UTILITY.GET_TIME;
    DBMS_OUTPUT.PUT_LINE('Varianta 2 (Procedura in Block + WHEN): ' || (v_end_time - v_start_time));

    EXECUTE IMMEDIATE '
        CREATE OR REPLACE TRIGGER trig_bench_v3
        BEFORE UPDATE OF serie ON case_test
        FOR EACH ROW
        WHEN (NEW.serie <> OLD.serie)
        CALL proc_test_bench';
        
    v_start_time := DBMS_UTILITY.GET_TIME;
    FOR i IN 1..v_iterations LOOP
        UPDATE case_test SET serie = 'SERIE_' || i WHERE id = 1;
    END LOOP;
    v_end_time := DBMS_UTILITY.GET_TIME;
    DBMS_OUTPUT.PUT_LINE('Varianta 3 (CALL + WHEN): ' || (v_end_time - v_start_time));

    EXECUTE IMMEDIATE '
        CREATE OR REPLACE TRIGGER trig_bench_v4
        BEFORE UPDATE OF serie ON case_test
        FOR EACH ROW
        BEGIN
            IF :NEW.serie <> :OLD.serie THEN
                NULL;
            END IF;
        END;';
        
    v_start_time := DBMS_UTILITY.GET_TIME;
    FOR i IN 1..v_iterations LOOP
        UPDATE case_test SET serie = 'SERIE_' || i WHERE id = 1;
    END LOOP;
    v_end_time := DBMS_UTILITY.GET_TIME;
    DBMS_OUTPUT.PUT_LINE('Varianta 4 (IF in Body - Fara WHEN): ' || (v_end_time - v_start_time));

END;
/